date,close,ret63f,ret126f,ret63t,ret21f,ret63f_gc,composite,ry,usd,cb,inf,tech,forward,f_ry,f_usd,f_inf,f_tech,ry_delta,usd_delta,inf_delta,roc60,ym
2005-02-28,43.52999877929688,-0.03790484165982555,0.0018378551182669511,-0.03886072202809465,-0.021134808057538423,-0.048568183750357874,62.371568253968256,62.301587301587304,92.57777777777778,21.880000000000003,93.65079365079364,45.0,46.10000000000001,50.0,37.0,60.0,30.0,-0.040000000000000036,0.6833498582580422,0.06000000000000005,-4.076690712372411,2005-02
2005-03-31,42.81999969482422,0.018916426414382403,0.09294721089681368,-0.019239582123765864,0.012377365321675438,-0.002099427078224192,59.415811523631255,50.39682539682539,88.47200317382813,21.880000000000003,93.65079365079364,58.0,39.300000000000004,50.0,10.0,60.0,43.0,0.09000000000000008,3.394827064248518,0.14000000000000012,-0.4649018149960549,2005-03
2005-04-29,43.34999847412109,-0.012226039168450331,0.08835067972011834,0.015460292074106041,-0.03921561725675815,-0.007126450812679597,68.95283943256197,94.44444444444444,86.4632218254937,21.880000000000003,69.84126984126983,57.0,49.40000000000001,50.0,37.0,60.0,63.0,-0.039999999999999813,1.1743599673723404,0.10999999999999988,2.8225773980452784,2005-04
2005-05-31,41.650001525878906,0.046098393724003595,0.1942376916255628,-0.0363257670171504,0.04753900287389112,0.03579155621179719,53.59679190094963,86.5079365079365,74.42588611178928,21.880000000000003,10.714285714285714,36.0,28.400000000000002,50.0,10.0,12.0,30.0,-0.06000000000000005,5.633124942260692,-0.31999999999999984,-3.98801175573944,2005-05
2005-06-30,43.43999862670898,0.08425414279736576,0.18485273590816642,0.019239786845953066,-0.007136223950134801,0.08327602390186617,49.211320281812874,63.888888888888886,64.61327658759222,21.880000000000003,5.0,81.0,36.70000000000001,65.0,10.0,12.0,53.0,-0.1200000000000001,5.107338869308964,-0.41000000000000014,1.900064598402218,2005-06
2005-07-29,42.81999969482422,0.10182159368110799,0.3236805396807805,-0.012226039168450331,0.01751517994734253,0.1021167585944538,29.84084393832495,5.0,62.82583630879721,21.880000000000003,21.825396825396826,52.0,21.100000000000005,22.0,10.0,25.0,43.0,0.30999999999999983,5.727128405568527,-0.2400000000000002,-0.18648444804000297,2005-07
2005-08-31,43.400001525878906,0.13133633059536498,0.29677411982895396,0.03087893346497239,0.07603684610685546,0.1583679440761494,54.18487786521307,72.61904761904762,74.86821984185113,21.880000000000003,28.968253968253972,55.0,51.300000000000004,50.0,50.0,50.0,63.0,0.039999999999999813,-0.022827218509957614,0.0,2.4067966778110295,2005-08
2005-09-30,46.70000076293945,0.10449680917324411,0.2520342669266977,0.09367681331452604,-0.006423966427397176,0.1315565292260794,46.9998576960609,26.58730158730159,58.95267321268717,21.880000000000003,70.23809523809523,96.0,61.800000000000004,50.0,63.0,72.0,85.0,-0.020000000000000018,-1.0172553886604319,0.25,10.245514849042102,2005-09
2005-10-31,46.400001525878906,0.22198273487805542,0.4323275193731533,0.0755679689928952,0.05818958748818792,0.23091806597951492,34.95399481941102,5.0,54.338500595092775,21.880000000000003,70.63492063492063,58.0,48.800000000000004,50.0,23.0,72.0,75.0,0.010000000000000009,2.363907127574949,0.21999999999999975,6.422025572821455,2005-10
2005-11-30,49.09999847412109,0.1462321899859147,0.29327906259444503,0.13133633059536498,0.0505092349084435,0.1443590639211212,30.858645613061814,5.0,50.03850059509278,21.880000000000003,19.047619047619047,88.0,27.900000000000006,22.0,10.0,38.0,85.0,0.41000000000000014,5.800111457031831,-0.08000000000000007,10.910318424246523,2005-11
2005-12-30,51.58000183105469,0.13357888997786316,0.20550597320334263,0.10449680917324411,0.09926325610950593,0.13981831800746103,31.518879630751833,11.507936507936508,51.29072579277884,21.880000000000003,11.507936507936508,83.0,33.400000000000006,22.0,37.0,25.0,85.0,0.31000000000000005,1.1538898781980444,-0.20999999999999996,11.259709128514483,2005-12
2006-01-31,56.70000076293945,0.17372137841762725,0.13439151374518832,0.20076237393403362,0.0007054835095079426,0.16450600284196293,47.14176265469506,23.41269841269841,65.50477896796332,21.880000000000003,67.06349206349206,96.0,57.400000000000006,50.0,63.0,50.0,85.0,-0.009999999999999787,-1.2323755014016613,-0.040000000000000036,22.913504118971574,2006-01
2006-02-28,56.06999969482422,0.16122705483734512,0.08792581294825408,0.13456094237691918,0.017834849392594387,0.16435194594128144,42.846808377050976,23.809523809523807,56.89938769870334,21.880000000000003,65.87301587301587,77.0,61.800000000000004,50.0,63.0,72.0,85.0,-0.020000000000000018,-0.9562571053870261,0.1599999999999997,14.195522275579652,2006-02
2006-03-31,58.09999847412109,0.05387265318964518,0.023580082316047912,0.1288128443010632,0.14543898105953534,0.05448609981461794,36.667991113462904,5.0,60.83482678731282,21.880000000000003,63.095238095238095,68.0,49.040000000000006,22.0,77.0,43.199999999999996,85.0,0.29000000000000004,-1.579461271177507,0.17999999999999972,9.00562721532463,2006-03
2006-04-28,65.08999633789062,-0.03041935533781026,-0.08910732445358815,0.1700520418504443,0.0003073325178433173,-0.02700211094745797,48.97684870639377,5.0,81.70977698432074,21.880000000000003,95.0,96.0,52.940000000000005,22.0,90.0,43.199999999999996,85.0,0.3600000000000003,-3.7016300898821575,0.17000000000000037,14.797170127085923,2006-04
2006-05-31,64.2300033569336,-0.05122224129339803,-0.010275628641052026,0.14491987707562726,-0.07333026082835292,-0.0385992027906128,45.02202201596215,5.0,84.21122063530817,21.880000000000003,92.46031746031747,61.0,56.300000000000004,22.0,90.0,60.0,85.0,0.43000000000000016,-5.404194361131043,0.050000000000000266,16.295498622654602,2006-05
2006-06-30,61.22999954223633,-0.028744052501897488,0.032337082427553066,0.05387265318964518,0.05046546097810145,-0.024286918360330034,42.87256169850183,5.0,82.03344285753039,21.880000000000003,85.31746031746032,55.0,59.300000000000004,35.0,90.0,60.0,63.0,0.18000000000000016,-4.920223326846829,0.08999999999999986,4.381179170660365,2006-06
2006-07-31,63.15999984741211,-0.059531322524017716,0.02644081677766197,-0.03069373392101682,-0.035148847784458814,-0.05897197050487202,51.07709353196886,26.190476190476193,81.51277381049263,21.880000000000003,74.60317460317461,83.0,48.300000000000004,50.0,63.0,38.0,18.0,-0.020000000000000018,-0.5711596439449962,-0.10999999999999988,-6.40190174068449,2006-07
2006-08-31,62.290000915527344,0.03371325161752603,0.029860340070855695,-0.019055103692482755,-0.0504093649622297,0.03355168426404709,46.402815754191074,42.06349206349206,81.62944047715928,21.880000000000003,31.349206349206348,51.0,50.00000000000001,65.0,37.0,38.0,53.0,-0.1599999999999997,1.081535142275425,-0.1200000000000001,0.016059949303959264,2006-08
2006-09-29,59.470001220703125,0.06288881430975213,0.1069446860569001,-0.028744052501897488,0.007230541388085321,0.06114272989281022,44.14503788897802,46.03174603174603,75.98899841308594,21.880000000000003,11.11111111111111,55.0,49.10000000000001,78.0,37.0,25.0,18.0,-0.29000000000000004,0.9274488291817207,-0.21999999999999975,-5.633131087391496,2006-09
2006-10-31,60.2400016784668,0.06706502304554562,0.13197212054164398,-0.06965248373024246,0.06889106234313203,0.06969051203860666,44.93043993251741,44.84126984126984,80.2367781745063,21.880000000000003,5.0,63.0,39.2,50.0,50.0,12.0,18.0,-0.020000000000000018,0.35286175441442413,-0.33000000000000007,-6.6046485605165905,2006-10
2006-11-30,64.38999938964844,-0.0037272537046818544,0.030750168903587616,0.03371325161752603,-0.032769073308777874,-0.015767524844770286,58.496230952380955,73.80952380952381,91.95277777777778,21.880000000000003,5.158730158730158,81.0,54.4,50.0,77.0,25.0,63.0,-0.08000000000000007,-2.4470609777114016,-0.20000000000000018,2.433978308051299,2006-11
2006-12-29,63.209999084472656,0.04144918184669977,0.02420501188826485,0.06288881430975213,0.03179880027437343,0.048016371873209396,45.54930634920635,30.952380952380953,90.21666666666667,21.880000000000003,7.5396825396825395,81.0,53.2,35.0,77.0,38.0,85.0,0.14000000000000012,-2.3217802882114835,-0.07000000000000028,12.134114390977846,2006-12
2007-01-31,64.83000183105469,0.028227699820580376,0.0169674293236588,0.09141414420351635,-0.017275994369099767,0.031134950602712763,51.65513045242552,39.682539682539684,87.06255476209853,21.880000000000003,38.095238095238095,83.0,60.800000000000004,50.0,63.0,72.0,75.0,0.06000000000000005,-0.832160205124477,0.16000000000000014,5.655151867970698,2007-01
2007-02-28,66.4800033569336,-0.026474158353767763,-0.01338758986314259,0.04692918672336366,-0.01248498479457616,-0.024350236381291968,68.12952460317462,90.47619047619048,92.36944444444444,21.880000000000003,34.523809523809526,87.0,54.50000000000001,50.0,50.0,60.0,75.0,-0.009999999999999787,0.4326410459229768,0.06000000000000005,5.256497019541273,2007-02
2007-03-30,65.73999786376953,-0.022360834628400106,0.11819294987752227,0.05657339398918504,0.014450937154049992,-0.02247364165016963,68.4382746031746,87.3015873015873,93.05000000000001,21.880000000000003,53.17460317460318,76.0,64.40000000000002,65.0,63.0,60.0,75.0,-0.20000000000000018,-0.9436226755954569,0.14000000000000012,5.555554194427548,2007-03
2007-04-30,67.08999633789062,-0.01967505987295337,0.15799682042207874,0.05206203318637059,-0.03532561106802434,-0.02409996240126744,67.87113174603175,88.09523809523809,93.05000000000001,21.880000000000003,54.36507936507936,68.0,69.30000000000001,65.0,90.0,50.0,63.0,-0.19999999999999973,-4.210280939021194,0.0,2.867211104243128,2007-04
2007-05-31,65.54000091552734,0.00808664589400876,0.21406772327299395,-0.00425400760551653,-0.01937754431980876,0.008018135844128249,38.358353968253965,5.952380952380952,92.99444444444444,21.880000000000003,40.07936507936508,43.0,48.20000000000001,22.0,77.0,50.0,63.0,0.3700000000000001,-1.7196021599550804,0.020000000000000018,2.166795567553792,2007-05
2007-06-29,64.2699966430664,0.14376856971815166,0.2914268606695847,-0.022360834628400106,0.023650293322754035,0.14611945035395868,38.939861904761905,6.349206349206349,93.05000000000001,21.880000000000003,50.0,36.0,40.70000000000001,22.0,63.0,50.0,30.0,0.3999999999999999,-1.1463793244243625,-0.040000000000000036,-3.80182758321419,2007-06
2007-07-31,65.79000091552734,0.18741452590776042,0.399300749011942,-0.01349529903930724,0.004255947338507982,0.18323578752188485,46.044782539682544,27.77777777777778,93.05000000000001,21.880000000000003,26.58730158730159,67.0,43.50000000000001,35.0,63.0,38.0,30.0,0.21999999999999975,-1.1866910277141929,-0.0900000000000003,-3.5195797623576275,2007-07
2007-08-31,66.5199966430664,0.16235723987943906,0.43084794209917776,-0.0003006352898361486,0.08764284614049767,0.16225856197181465,52.87803650793651,55.952380952380956,92.99444444444444,21.880000000000003,5.0,77.0,60.40000000000001,78.0,63.0,25.0,53.0,-0.26000000000000023,-1.343263502649561,-0.17999999999999972,1.9307301035720092,2007-08
2007-09-28,73.51000213623047,0.12909804908157185,0.18160791846231428,0.14376856971815166,0.06271256259533509,0.13031770245525176,61.82271904761906,69.04761904761905,93.05000000000001,21.880000000000003,33.33333333333333,88.0,74.30000000000001,78.0,90.0,38.0,85.0,-0.33999999999999986,-4.509151242741105,-0.07000000000000028,14.110531241317448,2007-09
2007-10-31,78.62000274658203,0.13647920825092497,0.07580766823023,0.19320084193131026,-0.016535271004099905,0.147348500261403,70.18383015873016,93.65079365079364,93.05000000000001,21.880000000000003,40.87301587301587,88.0,76.70000000000002,78.0,90.0,50.0,85.0,-0.31999999999999984,-4.614613287801827,0.029999999999999805,18.261129327067472,2007-10
2007-11-30,77.31999969482422,0.23098811020232213,0.1236419761552805,0.16235723987943906,0.09751682546931084,0.23229354304706806,67.15795714285714,95.0,93.05000000000001,21.880000000000003,35.714285714285715,65.0,83.50000000000001,90.0,90.0,60.0,85.0,-0.69,-5.848165044712806,0.1499999999999999,12.285795831376856,2007-11
2007-12-31,82.45999908447266,0.08258546730782212,0.12369639450502246,0.11583217025504577,0.10841623260567879,0.0722242017363548,68.80089365079365,94.04761904761905,92.4388888888889,21.880000000000003,23.015873015873016,96.0,77.60000000000001,90.0,77.0,50.0,85.0,-0.54,-2.043430448473915,-0.009999999999999787,13.160417148935055,2007-12
2008-01-31,91.4000015258789,-0.08107224877902564,-0.014442009549097135,0.18164193056136257,0.06389492604370561,-0.07998264529816634,71.18748095238095,95.0,93.05000000000001,21.880000000000003,38.095238095238095,96.0,77.60000000000001,90.0,77.0,50.0,85.0,-0.73,-1.6997947106391686,0.0,14.493297544086193,2008-01
2008-02-29,96.18000030517578,-0.09076734590594304,-0.14556040710728313,0.20874702367797027,-0.09690163927274054,-0.0872338133141658,76.41795714285715,95.0,93.05000000000001,21.880000000000003,85.71428571428571,88.0,79.60000000000001,90.0,77.0,60.0,85.0,-0.51,-2.4870979554150185,0.10000000000000009,22.866634906761153,2008-02
2008-03-31,90.41000366210938,0.011724339294966635,-0.041698972677300494,0.10850915115780468,-0.050879392956417635,0.014298161330931425,66.2746238095238,94.44444444444444,93.05000000000001,21.880000000000003,44.047619047619044,50.0,80.50000000000001,90.0,90.0,50.0,75.0,-0.6699999999999999,-5.799000391179132,0.009999999999999787,6.540187381380713,2008-03
2008-04-30,86.6500015258789,0.0331216972492534,-0.14841316080659028,-0.05876598062335969,0.009232491728512704,0.04647663095553467,55.98402857142857,73.4126984126984,92.85555555555555,21.880000000000003,17.46031746031746,46.0,51.60000000000001,35.0,90.0,38.0,30.0,0.16999999999999993,-3.5514740065271,-0.06999999999999984,-2.7497160383833097,2008-04
2008-05-30,87.44999694824219,-0.06026297114893542,-0.08084619715891628,-0.09076734590594304,0.0451687217321981,-0.06356357957266856,62.89083412698413,59.12698412698413,91.95277777777778,21.880000000000003,95.0,57.0,34.7,10.0,63.0,50.0,18.0,0.5,-1.1126183565517422,0.020000000000000018,-10.50962356136884,2008-05
2008-06-30,91.4000015258789,-0.020021901537239484,-0.05525167360449068,0.052268027672409234,-0.020568980869001385,-0.04102785521396213,67.16381031746032,68.65079365079364,92.36944444444444,21.880000000000003,95.0,68.0,42.940000000000005,35.0,50.0,43.199999999999996,53.0,0.21999999999999997,0.2767740690972298,0.16999999999999993,1.274239917871367,2008-06
2008-07-31,90.08000183105467,-0.17850800959365842,0.013654481600099855,0.07250868105941666,-0.09291743535130015,-0.17627752742908753,52.802480952380954,45.23809523809524,89.10555555555555,21.880000000000003,50.79365079365079,61.0,45.300000000000004,35.0,50.0,50.0,63.0,0.11999999999999988,-0.36734237151891946,-0.020000000000000018,3.9824595255895545,2008-07
2008-08-29,81.70999908447266,-0.017133784623245107,0.1019459298052745,-0.07105502575094158,0.04112104574714248,-0.015796425634589384,39.11087380952381,37.698412698412696,80.42500000000001,21.880000000000003,5.0,32.0,23.800000000000004,35.0,10.0,25.0,18.0,0.16999999999999993,5.652648157293871,-0.26000000000000023,-5.482935837010361,2008-08
2008-09-30,85.06999969482422,0.009756692535937361,0.07005994011817629,-0.08191240737441141,-0.130128126654945,-0.005605152534477464,33.134822222222226,5.0,76.74444444444444,21.880000000000003,5.0,71.0,11.200000000000003,10.0,10.0,12.0,18.0,0.8200000000000001,10.301260994992534,-0.96,-6.7521686237460905,2008-09
2008-10-31,71.33999633789062,0.2401178267753048,0.23703398556425226,-0.19060589026655794,0.07863752310528138,0.24441966404948334,23.99273082122803,5.0,59.43100357055664,21.880000000000003,5.0,28.0,11.200000000000003,10.0,10.0,12.0,18.0,1.5000000000000002,15.904169513834688,-1.4699999999999998,-17.133233392307755,2008-10
2008-11-28,80.30999755859375,0.12115556783368886,0.19985062308148893,-0.017133784623245107,0.06960533105740319,0.11847587694289685,30.355192432294572,13.095238095238097,58.27400436401367,21.880000000000003,5.0,63.0,15.700000000000003,10.0,10.0,12.0,63.0,0.98,10.837816229910047,-1.8399999999999999,2.449289684774314,2008-11
2008-12-31,86.5199966430664,0.02635236358246118,0.05466948151242956,0.006397527213606979,0.026814606852046508,0.02693532083038197,37.555973015873015,20.238095238095237,72.4388888888889,21.880000000000003,5.0,78.0,45.800000000000004,65.0,37.0,12.0,63.0,-0.10999999999999988,1.081545363976355,-1.49,2.6578048127829046,2008-12
2009-01-30,91.30999755859376,-0.047749432996685326,0.02234148472316244,0.23391888592694277,-0.013908626404808055,-0.04281248002765503,45.061147619047624,41.66666666666667,58.95,21.880000000000003,29.761904761904763,86.0,65.80000000000001,90.0,23.0,72.0,85.0,-1.3199999999999998,1.7029357651156873,0.2599999999999999,28.424753190154696,2009-01
2009-02-27,92.62999725341795,0.03854042751461395,0.006045613781637149,0.14541850015372915,-0.02860837714627673,0.03961761847367895,38.38174428190201,23.41269841269841,56.33699722290039,21.880000000000003,24.206349206349206,87.0,68.40000000000002,90.0,23.0,85.0,85.0,-0.6200000000000001,2.7314159184065323,0.6499999999999999,22.44546647065222,2009-02
2009-03-31,90.27999877929688,0.009969002415242567,0.07919806848201416,0.04551245367252199,-0.03334074188003566,0.004877520181096884,58.13459340081593,84.12698412698413,62.24655515882704,21.880000000000003,44.047619047619044,67.0,62.300000000000004,90.0,10.0,85.0,63.0,-0.5900000000000001,5.599503947905093,1.19,4.696735781858963,2009-03
2009-04-30,87.2699966430664,0.04984537952152257,0.15423406934365436,-0.0249162386249564,0.0969406100525998,0.0496239043463238,48.49185664290171,55.952380952380956,65.32644365098741,21.880000000000003,54.36507936507936,40.0,64.4,50.0,77.0,85.0,43.0,-0.040000000000000036,-1.6162783600563224,0.33000000000000007,-1.3563971527965846,2009-04
2009-05-29,96.1999969482422,-0.03128892518006432,0.21226617927364666,0.03854042751461395,-0.043243203375079475,-0.03402123846369742,61.2603380952381,66.26984126984127,74.9388888888889,21.880000000000003,67.46031746031747,88.0,83.70000000000002,78.0,90.0,85.0,85.0,-0.33000000000000007,-9.56825039648146,0.89,8.102033102090989,2009-05
2009-06-30,91.18000030517578,0.06854573348411397,0.17865760979387324,0.009969002415242567,0.004825646412959017,0.07118973329525469,52.63307619047619,52.77777777777778,75.07777777777778,21.880000000000003,67.06349206349206,50.0,52.300000000000004,22.0,90.0,51.0,63.0,0.4099999999999999,-6.280704966762607,0.43999999999999995,4.098646098164238,2009-06
2009-07-31,93.3499984741211,0.10005360599844493,0.16068559448512865,0.07360554054635071,0.0005356513398515617,0.097200389032718,62.08263968253968,67.85714285714286,77.99444444444444,21.880000000000003,75.79365079365078,76.0,70.30000000000001,50.0,90.0,85.0,63.0,-0.06000000000000005,-6.692869673552416,0.3900000000000001,4.25507875769191,2009-07
2009-08-31,93.4000015258789,0.23811560492969974,0.1951819639155783,-0.03071813061149642,0.0583511441028417,0.24104230370546942,60.472480952380955,65.87301587301587,77.99444444444444,21.880000000000003,67.06349206349206,77.0,52.4,50.0,77.0,25.0,43.0,0.08000000000000007,-1.6729582780562136,-0.24,-0.3308052092864777,2009-08
2009-09-30,98.8499984741211,0.08174002990166995,0.11542745410457966,0.06992097767235661,0.03884677821507965,0.08283730158730163,71.38795714285715,90.47619047619048,81.05,21.880000000000003,75.0,92.0,78.70000000000002,78.0,90.0,60.0,85.0,-0.31000000000000005,-4.3668121439397805,0.1100000000000001,8.973651716243713,2009-09
2009-10-30,102.52999877929688,0.0643713893757869,0.12035505817032055,0.09225520165471779,0.14483564469835564,0.07473317004065416,72.5449611111111,95.0,81.39722222222223,21.880000000000003,95.0,68.0,74.80000000000001,78.0,77.0,60.0,85.0,-0.3700000000000001,-1.8901808599211867,0.1200000000000001,8.382664305586784,2009-10
2009-11-30,115.63999938964844,-0.03467660115354032,0.03580075589328513,0.23811560492969974,-0.0753199509723651,-0.03251208636678915,75.98345317460318,95.0,86.67500000000001,21.880000000000003,93.65079365079364,88.0,88.50000000000001,90.0,90.0,85.0,85.0,-0.6300000000000001,-4.926364623633816,0.3800000000000001,18.653807178284932,2009-11
2009-12-31,107.30999755859376,0.03336130754359501,0.1041841446233489,0.09623044465910446,0.01696020628302053,0.03442300486029781,63.76779841269841,76.19047619047619,77.16111111111111,21.880000000000003,95.0,50.0,54.40000000000001,50.0,37.0,85.0,63.0,-0.08000000000000007,1.1168839095474947,0.6200000000000001,4.917871372046823,2009-12
2010-01-29,105.95999908447266,0.08871273694882831,0.08993958910569089,0.05192093272355747,0.047753846756452445,0.08965833387436528,67.28535793650795,92.46031746031747,73.34166666666667,21.880000000000003,91.26984126984127,50.0,51.300000000000004,65.0,10.0,85.0,53.0,-0.17999999999999994,4.6628042688433124,0.3700000000000001,1.9336240454449038,2010-01
2010-02-26,109.43000030517578,0.08462032450339385,0.10536414828787621,-0.04619544057075553,-0.006214020865205283,0.08369844540740345,59.05446507936508,63.095238095238095,72.16111111111111,21.880000000000003,73.80952380952381,76.0,23.600000000000005,22.0,10.0,50.0,18.0,0.32000000000000006,8.199817210916361,0.009999999999999787,-5.370113383992758,2010-02
2010-03-31,108.9499969482422,0.11684262242780141,0.17439192778524015,0.013771245098431972,0.05883436293398425,0.1187460211746425,52.66938571428572,43.25396825396825,70.49444444444445,21.880000000000003,78.96825396825396,70.0,28.900000000000006,35.0,10.0,38.0,43.0,0.16000000000000014,4.055956724658283,-0.11999999999999966,-0.7741403277693126,2010-03
2010-04-30,115.36000061035156,0.0011268832587565392,0.13765607488552267,0.08871273694882831,0.03944177381834657,0.0013557966435369107,71.8437507936508,92.46031746031747,69.66111111111111,21.880000000000003,95.0,91.0,40.50000000000001,50.0,10.0,50.0,75.0,0.030000000000000027,3.3190370440620676,-0.010000000000000231,6.126958462823628,2010-04
2010-05-28,118.87999725341795,0.017917268943672404,0.11970056936154982,0.0863565468508476,0.02010430219436876,0.019633764879396942,59.843306615324465,81.74603174603175,59.492662302652995,26.974,40.476190476190474,87.0,41.50000000000001,65.0,10.0,25.0,75.0,-0.1399999999999999,7.401896376482786,-0.17999999999999994,7.263372091822573,2010-05
2010-06-30,121.68000030517578,0.05152857188807647,0.13173903984621838,0.11684262242780141,-0.050871157346167206,0.050582095543958205,61.086106559278704,95.0,62.10455991956923,26.974,19.444444444444446,82.0,49.900000000000006,90.0,10.0,12.0,85.0,-0.54,6.4867516005861825,-0.44999999999999996,9.592003641330082,2010-06
2010-07-30,115.48999786376952,0.13637551234500012,0.12806304605679752,0.0011268832587565392,0.046930521245079904,0.13573667685692636,58.81752603174604,95.0,74.38333333333334,26.974,16.26984126984127,43.0,52.6,65.0,63.0,12.0,53.0,-0.18000000000000016,-0.8873170746635517,-0.5999999999999999,0.34755542497761915,2010-07
2010-08-31,122.08000183105467,0.10927257648924127,0.14613365064148054,0.019201895768889754,0.04775558440048844,0.10950888874850695,61.645052222222226,95.0,71.53611111111111,29.28066666666667,5.0,80.0,65.90000000000002,78.0,90.0,12.0,53.0,-0.3900000000000001,-4.521462553365929,-0.5299999999999998,0.48563995197921095,2010-08
2010-09-30,127.91000366210938,0.07130009269078852,0.09342503796504942,0.09287425377266834,0.03682269814892791,0.07478201797396156,66.52818714285715,95.0,86.39722222222223,29.28066666666667,16.26984126984127,80.0,83.50000000000001,90.0,90.0,60.0,85.0,-0.52,-6.7629978252204515,0.050000000000000044,8.646903945387718,2010-09
2010-10-29,132.6199951171875,-0.020735938027821588,0.13414273261887866,0.14782754081980265,0.021112978094167678,-0.017168909569652446,72.34040936507937,95.0,89.17500000000001,29.28066666666667,49.60317460317461,87.0,85.90000000000002,90.0,90.0,72.0,85.0,-0.6299999999999999,-4.13151599763848,0.2699999999999998,13.369799377191494,2010-10
2010-11-30,135.4199981689453,0.033229951712050454,0.10700048507670812,0.10927257648924127,0.011888942786300927,0.03768949543095679,65.39893031746031,86.11111111111111,74.73055555555555,30.884333333333334,43.25396825396825,83.0,74.60000000000001,65.0,77.0,85.0,85.0,-0.25,-1.5996119104727646,0.5199999999999998,11.127521328308521,2010-11
2010-12-31,138.72000122070312,0.0034601767828374985,0.04476637399388461,0.07609958327444533,-0.05709341190348327,0.004925761818491248,68.81914857142857,73.01587301587301,82.99444444444444,30.884333333333334,77.77777777777779,91.0,37.60000000000001,22.0,37.0,51.0,75.0,0.25,0.7393267732532127,0.5199999999999998,5.242397230936646,2010-12
2011-01-31,129.8699951171875,0.1581582299005071,0.21444526950497944,-0.020735938027821588,0.07738510379313746,0.16711642988736553,59.46611285714287,57.14285714285714,87.09166666666667,30.884333333333334,86.90476190476191,35.0,28.040000000000003,10.0,37.0,43.199999999999996,43.0,0.5800000000000001,0.5692041327826525,0.20999999999999996,-1.292097068021003,2011-01
2011-02-28,137.66000366210938,0.08746181146184862,0.289190734414831,0.03418227804743901,0.003995372926967278,0.09011565713462111,67.36743142857144,64.68253968253968,89.9388888888889,32.488,94.84126984126983,65.0,49.74,22.0,90.0,43.199999999999996,53.0,0.30000000000000004,-4.8861913992823585,0.28000000000000025,1.6841473608089297,2011-02
2011-03-31,139.86000061035156,0.04390103934544087,0.12755610081536228,0.020652425427024612,0.07543259692347637,0.044061452038601345,70.56636,66.66666666666666,92.30000000000001,32.488,95.0,82.0,67.70000000000002,50.0,90.0,72.0,63.0,-0.010000000000000009,-4.011132757066093,0.18000000000000016,3.792208245158868,2011-03
2011-04-29,152.3699951171875,0.03885278177237095,0.11275190972709037,0.16955784882461167,-0.017916885312225905,0.04646532701036321,75.68060603174602,84.52380952380952,93.05000000000001,32.488,93.65079365079364,80.0,81.10000000000002,78.0,90.0,72.0,85.0,-0.33000000000000007,-6.187287999444924,0.22999999999999998,16.8033719292783,2011-04
2011-05-31,149.63999938964844,0.1620556007679157,0.11353919782453148,0.0686281560674582,-0.01643949962510738,0.1643987212620348,68.47305301587302,74.20634920634922,93.05000000000001,38.17733333333334,55.158730158730165,77.0,61.6,65.0,77.0,25.0,75.0,-0.20999999999999996,-2.64770944016941,-0.20000000000000018,7.384279035114605,2011-05
2011-06-30,146.0,0.08013696539891901,0.029726002314319322,0.04390103934544087,0.08027398096372007,0.07535109331865963,70.49860857142858,77.38095238095238,93.05000000000001,38.17733333333334,80.95238095238095,58.0,63.00000000000001,65.0,77.0,38.0,63.0,-0.18999999999999995,-2.017669447912762,-0.08999999999999986,2.78070880913881,2011-06
2011-07-29,158.2899932861328,0.07113532278234946,0.06153266729601503,0.03885278177237095,0.09855333100757857,0.07271381121001719,79.43591015873017,95.0,93.05000000000001,38.17733333333334,81.34920634920636,88.0,57.40000000000001,78.0,37.0,38.0,75.0,-0.37,1.3022681526782653,-0.1200000000000001,7.14817428010337,2011-07
2011-08-31,177.72000122070312,-0.042707609080335995,-0.06403333786094312,0.1887625499712584,-0.11062347246832638,-0.045392398140552404,72.08692857142857,94.04761904761905,92.71666666666667,43.86666666666667,14.285714285714285,92.0,64.50000000000001,90.0,50.0,25.0,85.0,-0.5700000000000001,0.4743812414094384,-0.1900000000000004,18.149184539342713,2011-08
2011-09-30,158.05999755859375,-0.03840308844228291,0.030874382881117324,0.09059549814637236,0.0587118747477946,-0.03369536828147168,59.72994444444444,86.11111111111111,74.9388888888889,43.86666666666667,5.0,53.0,48.900000000000006,90.0,10.0,12.0,75.0,-0.6,5.168028496691646,-0.6400000000000001,5.9738545268015475,2011-09
2011-10-31,167.33999633789062,0.013266411314008408,-0.040337039247751005,0.0360326393727195,0.016672693952307194,0.013281536400983063,68.36147222222222,91.26984126984127,84.45277777777778,43.86666666666667,21.428571428571427,76.0,44.20000000000001,65.0,23.0,25.0,63.0,-0.20999999999999996,2.8768195935709118,-0.28000000000000025,3.455948276903009,2011-10
2011-11-30,170.1300048828125,-0.02227713181770896,-0.07423737448025225,-0.042707609080335995,-0.10662433944055594,-0.021025466154038996,67.27468968253969,90.07936507936508,75.98055555555555,49.02,20.238095238095237,78.0,40.800000000000004,65.0,10.0,50.0,18.0,-0.11000000000000001,5.249725908277436,0.0,-6.981951579998036,2011-11
2011-12-30,151.99000549316406,0.07204419075262591,0.020396017716217463,-0.03840308844228291,0.11559965412475703,0.07133730213859257,62.111892063492064,95.0,72.02222222222223,49.02,13.095238095238097,38.0,52.10000000000001,65.0,37.0,60.0,30.0,-0.24000000000000002,0.9062319047943745,0.1399999999999999,-4.684560959606121,2011-12
2012-01-31,169.30999755859375,-0.04719148514316096,-0.0757190493785993,-0.0018276003273056673,-0.0159470615272308,-0.04379105507999481,72.4467134920635,95.0,75.84166666666667,49.02,39.682539682539684,88.0,49.50000000000001,78.0,10.0,50.0,53.0,-0.47000000000000003,4.0829731982579,-0.040000000000000036,0.1478764956880818,2012-01
2012-02-29,164.2899932861328,-0.07535449589106769,-0.016129977507936544,-0.014043158663563426,-0.018321228497426678,-0.08567752377815285,71.86617301587303,95.0,76.60555555555555,54.04,59.523809523809526,51.0,63.60000000000001,78.0,50.0,72.0,30.0,-0.29000000000000004,-0.34176790261570833,0.2699999999999998,-3.1480348069133135,2012-02
2012-03-30,162.1199951171875,-0.0427460700993233,0.06026403014260362,0.07835572080779629,-0.004934541185931396,-0.039417748100060046,66.77956587301587,79.36507936507937,75.98055555555555,54.04,71.42857142857143,36.0,66.4,50.0,77.0,85.0,63.0,-0.01999999999999999,-1.546710605077517,0.3599999999999999,3.45222906741256,2012-03
2012-04-30,161.8800048828125,-0.027489572972602017,0.025018456083570006,-0.03660057097639002,-0.061588836916088296,-0.02627153577058594,72.24778015873017,95.0,76.39722222222223,54.04,61.904761904761905,52.0,52.7,50.0,63.0,60.0,18.0,-0.019999999999999962,-0.6180598780451629,0.10000000000000009,-5.361004387804991,2012-04
2012-05-31,151.6199951171875,0.05916107050241082,0.09517219627541418,-0.08997062264120015,0.02354575543588089,0.062204066786664125,62.019953174603174,95.0,62.36944444444445,54.83,38.095238095238095,18.0,43.60000000000001,78.0,10.0,38.0,18.0,-0.3,4.584382014730881,-0.11000000000000032,-6.810081154813686,2012-05
2012-06-29,155.19000244140625,0.10761000506168217,0.05142081063212811,-0.0427460700993233,0.008376847936764742,0.10452134430055349,65.05288968253969,92.46031746031747,64.3138888888889,54.83,50.0,33.0,43.50000000000001,78.0,10.0,25.0,43.0,-0.4,3.5904616112812926,-0.22999999999999998,-1.2849082031638592,2012-06
2012-07-31,156.49000549316406,0.06607448383240233,0.03169526027842595,-0.02994050094076317,0.026199697749423656,0.0664389941012109,73.34890158730158,95.0,62.300000000000004,54.83,71.82539682539682,76.0,48.50000000000001,78.0,10.0,50.0,43.0,-0.4099999999999999,4.435741511514912,-0.040000000000000036,-1.868687342276254,2012-07
2012-08-31,164.22000122070312,0.0012178598633267868,-0.0702106850176012,0.043859608284051665,0.047984440532442774,0.005817433794462978,74.22257476190477,95.0,65.70277777777778,55.702666666666666,76.5873015873016,70.0,68.60000000000001,65.0,77.0,60.0,75.0,-0.12,-1.8719842930306596,0.1200000000000001,6.291262926021446,2012-08
2012-09-28,171.88999938964844,-0.05073012538057098,-0.12566179638264874,0.10761000506168217,-0.029437416816341377,-0.04697642838843685,80.53017396825396,95.0,69.24444444444445,55.702666666666666,94.84126984126983,96.0,79.80000000000001,78.0,77.0,85.0,85.0,-0.27,-2.3573961651740083,0.31000000000000005,10.412389180686898,2012-09
2012-10-31,166.8300018310547,-0.03224842548560736,-0.14829470252129928,0.06607448383240233,-0.004675410721908135,-0.02800580820141918,76.03039222222222,95.0,69.73055555555555,55.702666666666666,94.44444444444444,58.0,74.90000000000002,65.0,90.0,72.0,75.0,-0.10999999999999999,-3.7803990873384707,0.27,7.251686633232368,2012-10
2012-11-30,166.0500030517578,-0.0823245884836532,-0.18560678565366928,0.033999668960568386,-0.01734420252864921,-0.0796657004402137,72.61357587301588,94.44444444444444,69.52222222222223,56.598,82.14285714285714,43.0,66.4,65.0,77.0,60.0,53.0,-0.15000000000000002,-1.8731620636391222,0.11000000000000032,0.9545278240518984,2012-11
2012-12-31,162.02000427246094,-0.06968280611779287,-0.25904209427203995,-0.05988158456958681,-0.005061148639644464,-0.07284451662475455,64.34671079365079,66.66666666666666,71.60555555555555,56.598,78.96825396825396,43.0,40.800000000000004,35.0,50.0,50.0,18.0,0.10999999999999999,-0.2126667414908523,0.010000000000000231,-5.857060705152861,2012-12
2013-01-31,161.1999969482422,-0.1196029723591574,-0.21457814511619822,-0.02850597201424121,-0.05521088129636853,-0.11616284912084163,62.367444920634924,48.80952380952381,77.23055555555555,56.598,95.0,43.0,49.2,35.0,63.0,60.0,43.0,0.16000000000000003,-0.8883872631875733,0.11999999999999966,-0.8610142083156802,2013-01
2013-02-28,153.0,-0.10653596765854778,-0.1064705443538092,-0.09311840488816658,0.010915020712060963,-0.10534319345603449,59.72820793650794,59.523809523809526,63.550000000000004,57.49333333333333,86.5079365079365,28.0,34.7,35.0,23.0,60.0,18.0,0.10999999999999999,2.041333201143658,0.1499999999999999,-7.8590802842021805,2013-02
2013-03-28,154.4499969482422,-0.24933632416801577,-0.1726124736774769,-0.03937058016615547,-0.07866619706412792,-0.24040632848976184,60.553763492063496,57.53968253968254,61.550000000000004,57.49333333333333,74.20634920634922,57.0,36.00000000000001,50.0,10.0,50.0,30.0,0.08999999999999997,4.232598594493475,0.03999999999999959,-4.6722670809764,2013-03
2013-04-30,142.77000427246094,-0.10261265473744396,-0.08552221298926155,-0.11317473507059905,-0.04251598474869278,-0.1006656405971943,52.97058888888889,50.79365079365079,66.88333333333334,57.49333333333333,37.698412698412696,40.0,29.800000000000004,50.0,10.0,25.0,18.0,-0.09999999999999998,3.0903186369328095,-0.22999999999999998,-11.570141238076149,2013-04
2013-05-31,133.9199981689453,0.014560909310812553,-0.10797490503420404,-0.12149044854272761,-0.09550478711470911,0.01457708544019165,33.30826317460318,5.0,61.550000000000004,55.578,18.650793650793652,25.0,19.300000000000004,10.0,37.0,12.0,18.0,0.6,1.41084409570984,-0.31999999999999984,-12.601969651509481,2013-05
2013-06-28,119.11000061035156,0.08278062765365024,-0.016707227382858125,-0.22990882510874366,0.07564431584809261,0.0936427283980541,31.89366,5.0,61.550000000000004,55.578,5.0,28.0,23.200000000000003,10.0,50.0,12.0,18.0,1.1600000000000001,0.2773037385687793,-0.5199999999999998,-20.746552710544442,2013-06
2013-07-31,127.95999908447266,0.014145085971698057,-0.06400439590500173,-0.09318972056551922,0.061816161998352825,0.02499232409909191,42.35949333333333,9.126984126984127,71.74444444444444,55.578,18.253968253968253,71.0,32.300000000000004,10.0,63.0,38.0,18.0,1.0,-0.924464353112997,-0.05999999999999961,-9.982409723031772,2013-07
2013-08-30,134.6199951171875,-0.10340215921734253,-0.04412422119192205,-0.01384513563623202,-0.07450601057120598,-0.10421889731710243,40.75715793650794,5.0,69.175,53.82,9.126984126984127,86.0,34.800000000000004,10.0,63.0,38.0,43.0,0.7300000000000001,-0.8215541050559438,-0.08999999999999986,-1.3989626303278047,2013-08
2013-09-30,128.17999267578125,-0.09978151050830408,-0.03736927414443403,0.05820189533740261,0.012404522449158462,-0.09302678056092162,44.21727698412698,19.841269841269842,79.59166666666667,53.82,24.6031746031746,41.0,67.50000000000001,50.0,90.0,60.0,85.0,0.010000000000000009,-3.9741437137177926,0.1499999999999999,8.54432775916103,2013-09
2013-10-31,127.73999786376952,-0.05025832375378625,-0.011899144109016047,0.010921155798925275,-0.07953652890733676,-0.047748528511340704,49.30864603174603,29.365079365079367,80.21666666666667,53.82,22.22222222222222,61.0,59.4,50.0,77.0,50.0,63.0,-0.019999999999999962,-2.0517835387514616,-0.040000000000000036,2.8916603252254314,2013-10
2013-11-29,120.6999969482422,0.06611429933143231,-0.005716610020359836,-0.10340215921734253,-0.03794527189279151,0.06972659119182545,37.98232222222223,10.714285714285714,77.71666666666667,52.13,18.650793650793652,25.0,54.9,50.0,77.0,50.0,18.0,-0.050000000000000044,-2.0398255132657583,0.04999999999999982,-8.698941199296971,2013-11
2013-12-31,116.12000274658205,0.07061657556224565,0.09972437071786944,-0.06798293474813,0.03418871423877423,0.07371659354872784,44.27121111111111,5.0,83.82777777777778,52.13,55.55555555555556,40.0,37.6,22.0,50.0,60.0,18.0,0.35000000000000003,0.20030504207675381,0.050000000000000266,-8.227294817944896,2013-12
2014-01-31,120.08999633789062,0.0413856388730276,0.03572321630734998,-0.07337970152585527,0.07152965775535058,0.050399162350172055,47.690238888888885,34.523809523809526,74.03611111111111,52.13,19.047619047619047,53.0,36.900000000000006,35.0,37.0,50.0,18.0,0.16000000000000003,1.3341642587776592,-0.040000000000000036,-5.2992676839995205,2014-01
2014-02-28,127.62000274658205,-0.056339149715296744,-0.028365480870348847,0.0650976721050247,-0.031421423365686874,-0.057363438343915885,59.27439126984127,46.03174603174603,87.64722222222223,50.44,37.301587301587304,78.0,57.400000000000006,50.0,63.0,50.0,85.0,-0.08999999999999997,-1.189000631499193,0.009999999999999787,8.538867799945592,2014-02
2014-03-31,123.61000061035156,0.03583846496163079,-0.05323195371381351,0.05541323182695135,0.0049348807324614,0.02992054206294248,47.30623650793651,26.984126984126984,84.9388888888889,50.44,17.063492063492063,53.0,54.90000000000001,65.0,50.0,38.0,63.0,-0.16000000000000003,0.12499809265136275,-0.10000000000000009,4.754237805382688,2014-03
2014-04-30,124.22000122070312,0.004910647273845603,-0.04926745038191194,0.014289213542558299,-0.03051039187154414,-0.000540252535554786,63.50893492063493,59.523809523809526,92.16111111111113,50.44,51.98412698412699,55.0,59.4,50.0,77.0,50.0,63.0,-0.07999999999999996,-1.9731144979389659,0.03000000000000025,2.3903738321577217,2014-04
2014-05-30,120.43000030517578,0.0296437738584876,-0.04375983251442306,-0.056339149715296744,0.06319017654797743,0.0346017794080824,73.60398888888889,92.85714285714286,81.32777777777778,52.63,85.71428571428571,36.0,54.800000000000004,65.0,50.0,60.0,18.0,-0.18,0.3746759746487305,0.06000000000000005,-6.563735840278162,2014-05
2014-06-30,128.0399932861328,-0.08598871512146788,-0.11223052070203288,0.03583846496163079,-0.02507022511243595,-0.07890758433591738,78.92248095238095,95.0,88.82777777777778,52.63,90.87301587301587,55.0,64.50000000000001,78.0,50.0,60.0,63.0,-0.36,-0.37462917694573994,0.11999999999999966,3.3247217382706307,2014-06
2014-07-31,123.38999938964844,-0.056568569268707125,0.00048624328463042765,-0.00331182271407493,0.0038090706137288155,-0.04448606714105108,74.29160793650793,91.26984126984127,69.66111111111111,52.63,95.0,58.0,47.900000000000006,65.0,23.0,60.0,30.0,-0.12,2.4396410001300106,0.10000000000000009,-2.0558849803702706,2014-07
2014-08-29,123.86000061035156,-0.0948651698861529,-0.06773776318669944,0.034753582023131724,-0.061763293138879294,-0.08601656047303052,61.11608650793651,93.25396825396825,62.647222222222226,54.82,5.158730158730158,50.0,46.800000000000004,65.0,23.0,38.0,63.0,-0.17999999999999997,2.7312189508280627,-0.06999999999999984,2.652077615713755,2014-08
2014-09-30,116.20999908447266,-0.008691181001527104,-0.005249123269574718,-0.08997649286104936,0.0017210616918716948,-0.008508920964993782,40.60683927001953,33.33333333333333,59.02799682617188,54.82,5.0,36.0,23.800000000000004,35.0,10.0,25.0,18.0,0.17000000000000004,7.47874365358121,-0.2899999999999998,-8.51046909485479,2014-09
2014-10-31,112.66000366210938,0.0744718544019558,0.015622176900637497,-0.09137829177244317,0.02201309823295472,0.07565534747928604,48.665780821228026,58.333333333333336,57.80600357055664,54.82,5.0,43.0,21.200000000000003,35.0,10.0,12.0,18.0,0.16999999999999998,6.575074621040788,-0.33000000000000007,-10.714849112670223,2014-10
2014-11-28,112.11000061035156,0.029970569905084066,0.020961541890350377,-0.0948651698861529,0.027562182865650042,0.024506509551337485,48.7478293413144,65.07936507936508,55.88199920654297,57.278000000000006,5.0,26.0,21.200000000000003,35.0,10.0,12.0,18.0,0.18000000000000002,6.470662591649945,-0.33999999999999986,-7.713205867348394,2014-11
2014-12-31,113.58000183105467,0.01496739673213665,-0.016023944932941236,-0.02731861697112714,0.07783057048229103,0.014359320592474578,43.49068555320377,38.492063492063494,52.57350654602051,57.278000000000006,5.0,55.0,31.000000000000004,50.0,10.0,25.0,30.0,-0.06000000000000005,5.455605434802857,-0.29000000000000004,-2.1115202740822125,2014-12
2015-01-30,123.4499969482422,-0.08400158261271784,-0.15002022762974343,0.06047584455513855,-0.06464152227468078,-0.08134532655455617,62.51310466303266,95.0,43.739994049072294,57.278000000000006,7.936507936507936,86.0,47.70000000000001,78.0,10.0,25.0,85.0,-0.39,10.040628407047091,-0.27,10.0757871320722,2015-01
2015-02-27,116.16000366210938,-0.017734203882951882,-0.07257231438884326,0.006760326115957893,-0.020747276051399588,-0.019132402803046955,60.463987698412694,95.0,42.862500000000004,59.76,24.6031746031746,48.0,43.300000000000004,65.0,10.0,50.0,43.0,-0.24999999999999997,8.720464942840934,0.010000000000000009,-0.3602660510796274,2015-02
2015-03-31,113.66000366210938,-0.011349646964311844,-0.049973606564903794,-8.792563558501776e-05,-0.0016716737223684275,-0.009804729799096301,59.91438610587953,94.04761904761905,37.092665608723955,59.76,25.396825396825395,56.0,50.50000000000001,78.0,10.0,60.0,43.0,-0.38000000000000006,9.301036721050803,0.1200000000000001,-0.36816108187593954,2015-03
2015-04-30,113.47000122070312,-0.08107873868567594,-0.02370672787932826,-0.06036767792785758,0.004670827298802971,-0.07949932176852048,63.88198163673764,91.26984126984127,45.991114086574974,59.76,53.96825396825397,48.0,51.2,50.0,50.0,72.0,18.0,0.08,-0.21097528607409988,0.29000000000000004,-6.261876612934625,2015-04
2015-05-29,114.0999984741211,-0.05582817881134572,-0.1020157716504132,-0.017734203882951882,-0.009027158572052829,-0.056330921998262395,48.332723675004274,50.39682539682539,40.51438174777561,59.70333333333333,30.158730158730158,57.0,38.800000000000004,50.0,23.0,38.0,43.0,0.06,1.5189656311997313,-0.06000000000000005,-0.8774234478977516,2015-05
2015-06-30,112.37000274658205,-0.03906736034837355,-0.09050463246205787,-0.011349646964311844,-0.07208334880780287,-0.03790014888097526,38.88017167238508,17.46031746031746,43.90839305453833,59.70333333333333,49.60317460317461,33.0,46.900000000000006,22.0,77.0,60.0,30.0,0.37,-2.749775446077529,0.06000000000000005,-3.7021163805300294,2015-06
2015-07-31,104.93000030517578,0.04564948919847733,0.02973413454215068,-0.0720728810922312,0.03707232801234017,0.047766851394309695,37.3985827145531,28.968253968253972,39.41977301703557,59.70333333333333,24.206349206349206,28.0,27.700000000000003,35.0,23.0,25.0,18.0,0.22000000000000003,1.9794714319217643,-0.17999999999999994,-8.245890394234745,2015-07
2015-08-31,108.81999969482422,-0.06340747606349306,0.09060834991732247,-0.0492748509065255,-0.01801138660144541,-0.05814769192067326,34.54153430522131,5.0,45.44195039537215,59.64666666666667,11.904761904761903,66.0,39.10000000000001,50.0,37.0,25.0,30.0,0.029999999999999916,0.5027712594550371,-0.20000000000000018,-3.047040479363061,2015-08
2015-09-30,106.86000061035156,-0.05090775229585076,0.09423544485595614,-0.04572247359434478,0.026763995826465603,-0.04966384976608018,30.784792351023356,5.0,43.967502975463866,59.64666666666667,5.0,45.0,34.400000000000006,35.0,50.0,12.0,30.0,0.16000000000000003,0.24971164524545397,-0.5,-3.521128070295698,2015-09
2015-10-30,109.3000030517578,-0.011070509424361052,0.12497708738623103,0.04995201396596949,-0.06422693574067584,-0.01243972945411742,33.220058114745115,6.349206349206349,41.96417261759437,59.64666666666667,10.317460317460316,60.0,44.20000000000001,35.0,63.0,25.0,63.0,0.16999999999999998,-1.0007182210554744,-0.16999999999999993,4.703519198024098,2015-10
2015-11-30,101.91999816894533,0.1644427240711741,0.13755891409280618,-0.06340747606349306,-0.004905808565372927,0.16447731162196821,31.610003587123323,14.285714285714285,33.955336507161434,59.59,26.190476190476193,25.0,34.800000000000004,50.0,10.0,50.0,18.0,0.040000000000000036,4.944998817823487,-0.020000000000000018,-5.489612731807236,2015-11
2015-12-31,101.45999908447266,0.14478614797912415,0.26562196748295785,-0.04937697092388016,0.06534592266158046,0.14873143818692602,30.56706569814531,6.349206349206349,37.027449205186656,59.59,19.047619047619047,38.0,40.7,50.0,23.0,60.0,18.0,0.07999999999999996,2.921835927019578,0.13000000000000012,-7.6460963764890195,2015-12
2016-01-29,106.9499969482422,0.156147779842561,0.2059840991856985,-0.03457304453202836,0.10116877048683293,0.15478316282598237,46.275636899530326,48.80952380952381,34.9259989420573,59.59,5.0,82.0,38.800000000000004,50.0,23.0,38.0,43.0,-0.09999999999999998,2.7436861741516383,-0.06000000000000005,-1.5102674693397877,2016-01
2016-02-29,118.63999938964844,-0.025455130298406736,0.062457886886637226,0.15791528840280633,-0.012980452827461075,-0.016289792680312387,58.6481097300696,81.34920634920636,40.11655714246962,59.53333333333333,12.3015873015873,86.0,67.80000000000001,78.0,77.0,25.0,85.0,-0.3,-1.9566727765802372,-0.18000000000000016,15.995307788039481,2016-02
2016-03-31,117.63999938964844,0.0697041566710832,0.07293439200586804,0.15107634933908676,0.051088083708025867,0.07267872045936885,69.87818822975764,90.87301587301587,61.01061825222439,59.53333333333333,59.12698412698413,65.0,83.50000000000001,90.0,90.0,60.0,85.0,-0.61,-4.096117842472435,0.08000000000000007,14.335698403633156,2016-03
2016-04-29,123.6500015258789,0.04310549240506578,-0.02135058113279431,0.156147779842561,-0.061382967032933,0.046385394890658516,78.11401203591484,95.0,67.63566309611005,59.53333333333333,72.61904761904762,96.0,83.70000000000002,78.0,90.0,85.0,85.0,-0.44999999999999996,-5.979796130247806,0.31000000000000005,13.180779428722111,2016-04
2016-05-31,116.05999755859376,0.08823027493167301,-0.019472639620684018,-0.014519819421030089,0.08426674982790128,0.08898581761683144,60.351299876917274,80.95238095238095,53.406167856852214,56.91533333333333,37.698412698412696,53.0,56.1,50.0,77.0,50.0,30.0,-0.030000000000000027,-2.3622846109882745,0.030000000000000027,-3.716611351341448,2016-05
2016-06-30,126.47000122070312,-0.0031628174430144984,-0.1279354799478496,0.08158728205446741,0.0217442869728528,0.0025029783803889316,65.90155582929823,95.0,51.8075567457411,56.91533333333333,11.11111111111111,96.0,40.400000000000006,50.0,23.0,25.0,85.0,-0.05000000000000002,1.7246822733835154,-0.24,8.149477150962081,2016-06
2016-07-29,128.97999572753906,-0.06179247833241219,-0.11637459299148578,0.04310549240506578,-0.02077835916076909,-0.0544848035581913,67.83408951573932,95.0,56.8165023803711,56.91533333333333,33.730158730158735,78.0,41.50000000000001,65.0,10.0,25.0,75.0,-0.23,3.1307369230996196,-0.18999999999999995,5.5396421682213814,2016-07
2016-08-31,124.77999877929688,-0.1044237771018377,-0.058262515741205556,0.07875854374135693,0.006892135107908315,-0.10084937360623003,60.87161166431488,83.33333333333334,54.402673212687176,54.38,31.349206349206348,61.0,42.00000000000001,50.0,23.0,38.0,75.0,-0.08,2.1163436026840454,-0.050000000000000044,5.015989816344257,2016-08
2016-09-30,125.63999938964844,-0.12758674671418058,-0.050063681519291525,-0.021571561353971758,-0.0294491958469959,-0.11383537230003216,70.94481422013783,95.0,59.03633511861166,54.38,85.71428571428571,48.0,56.300000000000004,50.0,63.0,72.0,30.0,0.03,-0.7382750317052045,0.20000000000000018,-3.160171057439687,2016-09
2016-10-31,121.94000244140624,-0.05527312906527693,-0.03247497954065959,-0.06394412802530058,-0.0835657063915729,-0.0430987407220802,62.61966947060237,73.80952380952381,39.492227511935745,54.38,95.0,59.0,40.400000000000006,50.0,10.0,72.0,30.0,0.0,3.5661681850547966,0.29000000000000004,-4.398275559487919,2016-10
2016-11-30,111.75,0.05154364327723027,0.08823266765415272,-0.1044237771018377,-0.019149882681417818,0.046720147668788625,42.30204285714286,26.190476190476193,31.650000000000002,52.07,95.0,28.0,23.800000000000004,22.0,10.0,51.0,18.0,0.32,5.67412470076174,0.48,-13.176913859984996,2016-11
2016-12-30,109.61000061035156,0.08886048544415104,0.05911865424191132,-0.12758674671418058,0.05099896274758997,0.0876522163722826,41.72818214808873,17.46031746031746,30.107334391276044,52.07,95.0,48.0,23.800000000000004,22.0,10.0,51.0,18.0,0.48,7.169770157504596,0.4099999999999999,-9.248218481403047,2016-12
2017-01-31,115.5500030517578,0.03548246097652297,0.04413672297210325,-0.04959696239909628,0.017568141286743,0.03847426852499858,50.97709502137199,26.984126984126984,38.07155185275605,52.07,95.0,86.0,31.900000000000006,22.0,37.0,51.0,18.0,0.27,1.1794648501338045,0.31999999999999984,-6.543186976566718,2017-01
2017-02-28,119.2300033569336,0.0076322738161016535,0.04579383486325406,0.058786987929147605,0.000838702267093927,0.007584224960212049,49.88547398439437,32.142857142857146,32.85032857259112,49.76,92.46031746031747,81.0,62.900000000000006,65.0,50.0,72.0,75.0,-0.12999999999999995,-0.2072427520752984,0.16999999999999993,6.693515308217979,2017-02
2017-03-31,118.72000122070312,-0.005896264912728544,0.02409030138935675,0.0764348557004042,0.007833560441486975,-0.005291507574661791,43.46945298926944,19.841269841269842,36.754447089301216,49.76,76.5873015873016,68.0,60.6,50.0,77.0,50.0,75.0,-0.07,-1.9923829745950639,0.020000000000000018,7.090023964529579,2017-03
2017-04-28,120.7699966430664,-0.0006623681699403638,-0.0036432460399260513,0.06414661129904697,-0.005216504686009982,0.001816640764928934,48.69003925955637,41.269841269841265,43.52166137695315,49.76,65.47619047619048,57.0,52.800000000000004,50.0,63.0,38.0,63.0,-0.04999999999999999,-1.3740886679524,-0.1499999999999999,4.835069307620499,2017-04
2017-05-31,120.62000274658205,0.03150385786631871,0.018156149578381298,0.0131026811689674,-0.01906817276890671,0.03231130156127171,49.88327526567247,41.269841269841265,56.53655912611217,49.56,46.42857142857143,63.0,58.300000000000004,50.0,90.0,25.0,63.0,-0.07999999999999996,-5.166339468650727,-0.19999999999999973,3.3413309502152044,2017-05
2017-06-30,118.0199966430664,0.030164423735368873,0.04770382175013599,-0.005896264912728544,0.02228440058989789,0.03288470253391096,39.81544629405188,5.0,66.49354841444227,49.56,39.682539682539684,58.0,50.300000000000004,35.0,90.0,25.0,43.0,0.18999999999999995,-4.853786760473666,-0.22999999999999998,-1.3375740401087355,2017-06
2017-07-31,120.75,0.0012422486615231154,0.05010354494209346,0.009024833689142087,0.03039335957718703,0.001500098255712956,49.389600837368434,23.41269841269841,79.02299880981445,49.56,46.82539682539682,60.0,60.90000000000001,50.0,90.0,38.0,63.0,0.07,-6.18306985150584,-0.05999999999999983,3.3907004481803726,2017-07
2017-08-31,125.81999969482422,-0.03751391855151376,-0.005086626857421339,0.034618855878159493,-0.04013672757913345,-0.03266980823218768,66.64684867837087,75.79365079365078,79.39350357055662,49.36,29.761904761904763,91.0,63.300000000000004,50.0,90.0,50.0,63.0,-0.030000000000000027,-4.266533835339037,-0.030000000000000027,2.7521460437491596,2017-08
2017-09-29,121.58000183105467,0.01702582384972051,0.03882218415543326,0.030164423735368873,-0.0037013042511879757,0.019352359600565805,48.15127552797833,19.841269841269842,78.19121865166561,49.36,46.42857142857143,61.0,71.30000000000001,65.0,90.0,60.0,63.0,-0.10999999999999999,-3.2432382704400298,0.09000000000000008,4.387396373997143,2017-09
2017-10-31,120.66999816894533,0.06132434961101896,0.029916306166652307,0.0022424970070153982,0.003563440057185785,0.052644002503453136,46.00957918684218,19.444444444444446,69.97749404907229,49.36,55.55555555555556,50.0,44.20000000000001,50.0,23.0,60.0,53.0,0.020000000000000018,1.8748039423937213,0.08999999999999986,0.9706267358212894,2017-10
2017-11-30,121.0999984741211,0.03369117987170389,0.010487236073189132,-0.03751391855151376,0.03344346079924421,0.047439543457780786,42.83184499428158,9.523809523809524,78.32771805657279,49.16,46.03174603174603,43.0,39.20000000000001,35.0,50.0,36.0,30.0,0.20000000000000007,0.21549895797643437,0.10000000000000009,-4.502798828486931,2017-11
2017-12-29,123.6500015258789,0.021431471841302452,-0.05006067420153437,0.01702582384972051,0.03234937283169237,0.022582866797306034,62.93904543482462,55.55555555555556,80.46599464416502,49.16,75.0,60.0,61.4,50.0,77.0,60.0,63.0,-0.04999999999999999,-1.5391137768145935,0.11999999999999988,2.046714033514929,2017-12
2018-01-31,127.6500015258789,-0.031335683135021886,-0.09800236573984122,0.05382650392388233,-0.01770467770634765,-0.027184484252473884,54.833396231842045,5.0,86.29650535583497,49.16,95.0,86.0,62.900000000000006,35.0,90.0,72.0,75.0,0.10999999999999999,-5.732422658276226,0.22999999999999998,5.330471948456306,2018-01
2018-02-28,125.0,-0.01303997802734369,-0.09055999755859379,0.01766667863385707,0.006320007324218668,-0.010642341315089343,51.15297583736843,5.0,83.00772103203667,48.96,95.0,62.0,46.84000000000001,22.0,77.0,43.199999999999996,63.0,0.25,-2.8415199069027564,0.28,3.2204802436164526,2018-02
2018-03-29,125.79000091552734,-0.060179661656157846,-0.10922965071759927,0.029125398517726664,-0.009539745360543916,-0.05669791142390934,50.903829077548075,14.285714285714285,83.41860813564725,48.96,80.15873015873017,52.0,54.4,35.0,77.0,60.0,53.0,0.21999999999999997,-2.6457850848959685,0.08999999999999986,0.511385842465284,2018-03
2018-04-30,124.58999633789062,-0.07175531804147639,-0.0627658714558127,-0.021672572982333604,-0.009792066997096116,-0.07210143280985248,49.43421957896399,5.158730158730158,77.41478491889106,48.96,95.0,58.0,35.900000000000006,35.0,23.0,60.0,30.0,0.15000000000000002,2.9711781858345665,0.06999999999999984,-2.7172724192310094,2018-04
2018-05-31,123.0999984741211,-0.07229895723962909,-0.06271325196097455,-0.012989117468939826,-0.03614944763120931,-0.07353278777107264,46.72896135492477,17.46031746031746,64.47228194342722,52.42,67.46031746031747,53.0,33.60000000000001,50.0,10.0,38.0,30.0,0.020000000000000018,4.502996789444991,-0.050000000000000266,-2.7108198358229973,2018-05
2018-06-29,118.6500015258789,-0.04964179784155964,0.021913176912635723,-0.06765676933695686,-0.022418909632539785,-0.04779033524703313,48.550433533429356,29.761904761904763,61.62706091139055,52.42,73.80952380952381,36.0,34.800000000000004,50.0,10.0,50.0,18.0,0.030000000000000027,4.911308708488904,0.029999999999999805,-5.683625876334175,2018-06
2018-07-31,115.98999786376952,0.0027588559420450576,0.0755237718559072,-0.06240401970605225,-0.015432373036420532,0.000653794933438423,41.81534627555969,5.555555555555555,61.830615276760554,52.42,73.80952380952381,40.0,38.7,50.0,23.0,50.0,18.0,0.039999999999999925,2.1403044879658495,-0.04999999999999982,-6.865266572108908,2018-07
2018-08-31,113.51000213623048,0.01788387579149653,0.07135933681333007,-0.072403370200946,0.003171532055117998,0.01657910650189387,45.06769900390141,24.6031746031746,57.36866785685221,55.99733333333334,45.63492063492063,52.0,42.900000000000006,50.0,37.0,50.0,18.0,-0.010000000000000009,1.331345199835865,-0.04999999999999982,-7.610286853061677,2018-08
2018-09-28,112.76000213623048,0.07529263659921148,0.08176659317161072,-0.04964179784155964,0.0314827541247682,0.07284939053976092,41.71993533360074,5.0,56.09060635036896,55.99733333333334,84.92063492063492,33.0,40.800000000000004,35.0,50.0,50.0,18.0,0.18000000000000005,0.3373033472750864,0.0,-5.283494963702518,2018-09
2018-10-31,115.1500015258789,0.07650887921711225,0.04915324322807613,0.005501265292349622,0.003386881324189961,0.08413758631668689,34.028052047351665,5.0,48.09967142740888,55.99733333333334,21.428571428571427,53.0,33.800000000000004,35.0,23.0,38.0,53.0,0.2400000000000001,2.0916521721000114,-0.07000000000000028,0.48870338239386246,2018-10
2018-11-30,115.54000091552734,0.052535915239104725,0.08594426368782626,0.01788387579149653,0.059633021767810046,0.053024156557332836,37.11953546528166,11.507936507936508,46.190339152018225,59.91866666666667,10.317460317460316,71.0,28.600000000000005,22.0,23.0,38.0,53.0,0.28,1.938795336010779,-0.13000000000000012,1.7614937324934354,2018-11
2018-12-31,121.25,0.006020646242751226,0.10028868999677831,0.07529263659921148,0.028865979381443196,0.009152742489997534,40.859072805355005,21.428571428571427,51.471281348334394,59.91866666666667,5.0,73.0,41.00000000000001,50.0,37.0,12.0,75.0,0.06999999999999995,0.9129014578467931,-0.43999999999999995,6.903546074292333,2018-12
2019-01-31,124.75,-0.03855709465806623,0.0934669632233216,0.07256472030406846,-0.02557116185495978,-0.03788740005302016,56.58826949623229,64.28571428571429,53.94121865166561,59.91866666666667,13.492063492063492,83.0,57.400000000000006,65.0,63.0,25.0,75.0,-0.24,-1.4740751197672042,-0.20999999999999996,6.962190635174759,2019-01
2019-02-28,123.98999786376952,-0.018549846455278907,0.17073962547849875,0.07220683602726252,-0.01596899557748599,-0.019576532820157033,56.051883595639175,66.66666666666666,50.10188174777561,63.84,23.41269841269841,62.0,67.60000000000001,78.0,63.0,50.0,75.0,-0.3699999999999999,-1.2426815757845322,0.040000000000000036,7.128045751055367,2019-02
2019-03-29,122.01000213623048,0.09171374982452263,0.1561347028016027,0.01194328974911718,-0.006638842503124187,0.09025518265419574,60.27409445490762,95.0,40.82577989366319,63.84,19.841269841269842,48.0,59.600000000000016,78.0,37.0,60.0,53.0,-0.45999999999999996,0.9233316685174797,0.1499999999999999,0.5604552006210906,2019-03
2019-04-30,121.1999969482422,0.11369636242797543,0.16039606378627203,-0.022423022531204984,0.00404294971536423,0.11451504268178603,61.86344659821041,95.0,38.617994181315105,63.84,34.12698412698413,50.0,53.10000000000001,78.0,23.0,60.0,30.0,-0.29999999999999993,2.2446057281758858,0.10999999999999988,-2.650604860849637,2019-04
2019-05-31,123.33000183105467,0.16857206662992108,0.11092185577456637,0.011896985644180846,0.05910965035189997,0.16901511940510305,60.92972666666667,95.0,38.15,63.114666666666665,5.0,76.0,52.600000000000016,78.0,37.0,25.0,53.0,-0.38,1.106743578244429,-0.19999999999999996,1.4143583686132333,2019-05
2019-06-28,133.1999969482422,0.059009014943189,0.0685435817717035,0.09171374982452263,0.013363354505094627,0.06341776797235799,64.15614512073094,95.0,50.09094980027943,63.114666666666665,5.0,80.0,63.60000000000001,78.0,63.0,25.0,85.0,-0.27999999999999997,-1.1516737754057038,-0.20999999999999996,9.359600665724166,2019-06
2019-07-31,133.2100067138672,0.0528488321545888,0.11455591725638259,0.10639539057842029,0.08190066701786747,0.04270389555896359,60.30465943353562,95.0,36.81533915201823,63.114666666666665,15.476190476190476,62.0,58.40000000000001,78.0,37.0,38.0,85.0,-0.4,0.7052998048628245,-0.1299999999999999,10.264058774820617,2019-07
2019-08-30,143.75,-0.04097390879755436,0.0705391261888586,0.14898888417163159,-0.028660835597826062,-0.03521822188125856,62.2237140633138,95.0,36.122003173828105,62.38933333333333,5.0,92.0,51.60000000000001,78.0,23.0,25.0,85.0,-0.43,1.9058395796201388,-0.18999999999999995,14.196062231084007,2019-08
2019-09-30,138.8699951171875,0.02707575356686709,0.06610504973967646,0.06316031471750105,0.009937386990241937,0.03329470591106176,54.572708714018326,86.5079365079365,35.32467142740888,62.38933333333333,5.0,51.0,48.00000000000001,65.0,23.0,38.0,75.0,-0.18000000000000002,2.7395780052915875,-0.11999999999999988,5.09307988392973,2019-09
2019-10-31,142.42999267578125,0.041634544966024256,0.12574601265955687,0.04812711248441581,-0.032577403835234664,0.043535745464422515,57.863529338475786,82.14285714285714,44.80166931152344,62.38933333333333,5.158730158730158,71.0,47.90000000000001,50.0,50.0,38.0,53.0,-0.05000000000000002,-0.15384771885016413,-0.11999999999999988,0.9998499224238566,2019-10
2019-11-29,137.86000061035156,0.11627737348271294,0.17945745962303739,-0.04097390879755436,0.03655877893383952,0.12042849545588763,51.92353260813879,75.0,38.2070058186849,61.663999999999994,17.46031746031746,40.0,40.70000000000001,22.0,63.0,50.0,30.0,0.26,-0.6872160951470141,0.020000000000000018,-3.6886955440903257,2019-11
2019-12-31,142.89999389648438,0.045836272438909864,0.16599021857121765,0.023418956523107548,0.04499655849690343,0.03863109652640673,64.69102241659982,72.61904761904762,56.80616785685221,61.663999999999994,55.952380952380956,75.0,62.800000000000004,50.0,77.0,72.0,53.0,0.0,-2.6756881072114824,0.24,0.7047216652662502,2019-12
2020-01-31,149.3300018310547,0.0699792193136437,0.24174640328182995,0.05892779256011238,0.03053637917819585,0.07050348971170695,67.75417960840619,95.0,47.1628899468316,61.663999999999994,30.158730158730158,91.0,65.70000000000002,78.0,50.0,60.0,75.0,-0.35,0.04108979574146687,0.07999999999999985,5.051008260892997,2020-01
2020-02-28,148.3800048828125,0.09792423710170639,0.2214584144022893,0.07724697956525417,0.030597069259556964,0.11047890257999105,59.36701442830404,95.0,40.74133809407555,60.93866666666666,5.0,62.0,58.70000000000001,78.0,50.0,25.0,75.0,-0.42000000000000004,-0.28453043214267115,-0.21999999999999997,7.685617325409555,2020-02
2020-03-31,148.0500030517578,0.13049639761692866,0.20357986334597777,0.038000406530158015,0.07261060302877431,0.1323733562928926,54.60892925955636,93.25396825396825,35.89666137695315,60.93866666666666,5.0,36.0,45.800000000000004,78.0,23.0,12.0,53.0,-0.32,2.7596261842024905,-0.9,1.5014414042521462,2020-03
2020-04-30,158.8000030517578,0.1571787844798902,0.10913099180109143,0.06957635715041843,0.03060453726041512,0.1532478952256604,60.27460213194832,92.85714285714286,37.323672485351565,60.93866666666666,9.126984126984127,77.0,49.00000000000001,78.0,23.0,12.0,85.0,-0.29,1.673680319984916,-0.5799999999999998,8.447729969751272,2020-04
2020-05-29,162.91000366210938,0.11251612190171478,0.040513109670143876,0.09792423710170639,0.022834700982628187,0.10633885000616705,63.31602955519902,95.0,42.11345079210069,55.986,18.253968253968253,87.0,49.60000000000001,65.0,37.0,25.0,75.0,-0.19,1.0065691468728932,-0.26,5.675920986080407,2020-05
2020-06-30,167.3699951171875,0.06464723450964383,0.05365364909069026,0.13049639761692866,0.09792674832889059,0.056497517472462455,66.89035690999349,95.0,52.78788994683159,55.986,30.555555555555557,83.0,79.80000000000001,78.0,77.0,85.0,85.0,-0.39000000000000007,-2.287547728687811,0.43000000000000005,9.642975309049206,2020-06
2020-07-31,185.42999267578125,-0.054090487922490604,-0.0604001369283611,0.16053319622260442,-0.0032356731296194763,-0.049521128400328074,75.01600516444857,95.0,77.79450416564944,55.986,51.587301587301596,80.0,88.50000000000001,90.0,90.0,85.0,85.0,-0.5700000000000001,-6.0213161349341515,0.48,16.659324464260017,2020-07
2020-08-31,184.8300018310547,-0.09825246703567458,-0.1309852646974301,0.1367158357508722,-0.0417140433776253,-0.09752999938766305,78.11821027374268,95.0,80.42700119018555,51.5,95.0,62.0,88.50000000000001,90.0,90.0,85.0,85.0,-0.6400000000000001,-5.2837165441477545,0.5900000000000001,16.973614490606437,2020-08
2020-09-30,177.1199951171875,0.0032746265077014947,-0.08547877036486706,0.06301764678732047,-0.00971093760230246,0.0018543046357615278,66.82785908326649,83.33333333333334,75.84783452351888,51.5,60.71428571428571,43.0,73.70000000000002,65.0,90.0,72.0,63.0,-0.20999999999999996,-3.524455729481679,0.21999999999999997,4.7799350165482535,2020-09
2020-10-30,176.1999969482422,-0.023212238415032616,-0.05459702204202266,-0.05085112299312278,-0.03416574561138774,-0.024981369875447856,65.69353974811614,70.63492063492063,73.9581093258328,51.5,78.17460317460318,50.0,34.10000000000001,35.0,37.0,36.0,18.0,0.20000000000000007,0.7067934049282965,0.11999999999999988,-9.123731237863264,2020-10
2020-11-30,166.6699981689453,-0.03629929272348831,0.07259858544697662,-0.09825246703567458,0.06617866982944531,-0.034014700684025456,69.70742757768176,79.36507936507937,80.953494644165,47.129999999999995,95.0,38.0,50.7,50.0,63.0,50.0,18.0,0.09999999999999998,-0.5089816005501846,0.0,-7.988297046185178,2020-11
2020-12-31,178.36000061035156,-0.09217314636212282,-0.06206552638672891,-0.0019026096457578356,-0.035041489003209136,-0.08773967446411668,78.86350890502929,95.0,84.71699523925781,47.129999999999995,95.0,68.0,75.30000000000001,65.0,90.0,85.0,53.0,-0.1200000000000001,-4.1560038881945705,0.3600000000000001,0.5978553527065111,2020-12
2021-01-29,172.61000061035156,-0.04026416154143386,-0.01616356686326026,-0.019985261879728933,-0.059092734558686355,-0.04330644610265111,74.77746124226404,89.28571428571429,83.27455198499894,47.129999999999995,95.0,51.0,73.00000000000001,65.0,90.0,85.0,30.0,-0.10999999999999999,-3.5972725482673495,0.42999999999999994,-2.9790359972245883,2021-01
2021-02-26,161.80999755859375,0.09826345340321652,0.036215318575909095,-0.04587534021638884,-0.009270131775737989,0.09698511541793775,53.891138196461995,35.714285714285715,81.13372162712945,42.46133333333333,93.65079365079364,25.0,52.900000000000006,35.0,63.0,85.0,30.0,0.16000000000000003,-1.152296535720676,0.3999999999999999,-2.915942079404843,2021-02
2021-03-31,159.9600067138672,0.03544634865568419,0.008502128990181212,-0.09294016910908232,0.035633887903232075,0.033259422555727,49.62196778012957,25.396825396825395,71.09316012064616,42.46133333333333,95.0,33.0,23.800000000000004,22.0,10.0,51.0,18.0,0.4,4.016519261221263,0.41000000000000014,-12.268960068302604,2021-03
2021-04-30,165.66000366210938,0.025111696065118982,0.014608222355718903,-0.04026416154143386,0.07388621250631178,0.025632278337710757,59.34176308716789,32.53968253968254,78.99289126925999,42.46133333333333,95.0,81.0,35.440000000000005,22.0,50.0,43.199999999999996,30.0,0.27,0.2856538626891725,0.26000000000000023,-3.6019797623269456,2021-04
2021-05-28,178.3800048828125,-0.04591323140049641,-0.06463728256354495,0.1043150265019086,-0.0759614456825447,-0.04515112978400149,62.224539198279004,41.269841269841265,84.5415023803711,45.36,92.46031746031747,70.0,61.800000000000004,50.0,63.0,72.0,85.0,-0.09999999999999998,-0.8370989410360186,0.20999999999999996,12.160470581688587,2021-05
2021-06-30,165.6300048828125,-0.02602184043672029,0.017871106489264488,0.03544634865568419,0.025297363508325565,-0.027840550863295177,52.86031922248962,44.84126984126984,71.17532857259117,45.36,74.60317460317461,28.0,60.20000000000001,65.0,63.0,50.0,53.0,-0.22999999999999998,-0.527276296309509,-0.040000000000000036,1.476536971011666,2021-06
2021-07-30,169.82000732421875,-0.010246174879983694,-0.01601696563061694,0.025111696065118982,-0.0027676433896614006,-0.006068630777976369,75.18711058313278,95.0,72.46572579277884,45.36,87.6984126984127,72.0,57.600000000000016,78.0,37.0,50.0,53.0,-0.3699999999999999,1.3413977588118131,-0.020000000000000018,1.5244831629251276,2021-07
2021-08-31,169.69000244140625,-0.024692099599992967,0.05916667535908382,-0.05079152885858851,-0.03223525924924131,-0.02280993080664595,66.15801924771506,82.53968253968253,68.99928313361276,47.96,66.26984126984127,53.0,43.50000000000001,65.0,23.0,38.0,30.0,-0.24,2.3535881253237134,-0.08999999999999986,-4.598860347633094,2021-08
2021-09-30,164.22000122070312,0.03397881981230455,0.10004866979449245,-0.011913331912729586,0.014797178527087285,0.032700906253646744,47.9099003968254,35.714285714285715,57.645833333333336,47.96,78.96825396825396,26.0,39.900000000000006,50.0,23.0,50.0,30.0,0.040000000000000036,2.1901730126246965,0.040000000000000036,-2.6902070596766414,2021-09
2021-10-29,166.64999389648438,0.008640879052781214,0.04188425587740374,-0.017451840712313094,-0.006900653696985448,0.006730229949523325,60.27788670466589,59.523809523809526,56.78821686638724,47.96,92.06349206349206,57.0,32.400000000000006,35.0,23.0,36.0,43.0,0.20999999999999996,2.2154657634241737,0.13999999999999968,-1.3087804725091967,2021-10
2021-11-30,165.5,0.08598184729630853,0.04066462675250193,-0.024692099599992967,0.025981891551406733,0.08305144951271326,66.59718595809936,87.6984126984127,50.78061527676055,50.56,83.73015873015873,55.0,38.00000000000001,50.0,10.0,60.0,30.0,0.010000000000000009,3.8290979257783686,0.1299999999999999,-3.2503201437783624,2021-11
2021-12-31,170.9600067138672,0.04995316419486362,-0.03632432422783394,0.038702293685573874,-0.01596871127232291,0.0501231056557796,67.54701534503755,78.57142857142857,51.821281348334395,50.56,90.87301587301587,76.0,53.6,65.0,23.0,72.0,63.0,-0.19000000000000006,1.9827317543525291,0.18999999999999995,3.5932909037349026,2021-12
2022-01-31,168.08999633789062,0.03295858567207932,-0.024034703873820784,0.008640879052781214,0.06924861469001398,0.037214511881963785,38.99364451002091,8.333333333333332,46.235887103610565,50.56,69.04761904761905,48.0,28.600000000000005,22.0,23.0,38.0,53.0,0.30999999999999994,2.833408329709486,-0.06999999999999984,1.3995246459766797,2022-01
2022-02-28,178.3800048828125,-0.03100122563024832,-0.09261130070779977,0.06910397577176908,0.004260536416821115,-0.025323773279815387,54.43751541061401,32.93650793650794,44.02939067416721,53.16,93.65079365079364,88.0,48.50000000000001,35.0,50.0,60.0,75.0,0.22999999999999998,0.384059332205422,0.08000000000000007,7.354357818595636,2022-02
2022-03-31,180.6499938964844,-0.0682534568992621,-0.1438139861904788,0.06389864929165712,-0.038859613898987844,-0.07710852171294735,42.669245259021565,6.746031746031746,39.248782009548584,53.16,93.25396825396825,65.0,27.040000000000003,10.0,23.0,43.199999999999996,75.0,0.52,2.7594851470430948,0.2799999999999998,6.5341664761980445,2022-03
2022-04-29,176.91000366210938,-0.06715281576446519,-0.13424905041187774,0.058707344106957216,-0.03261547766106776,-0.07348245180962376,36.96931369832356,5.0,29.119334920247397,53.16,91.66666666666666,43.0,23.500000000000007,10.0,10.0,51.0,63.0,0.66,6.650091265860691,0.43999999999999995,4.779677504889701,2022-04
2022-05-31,171.13999938964844,-0.06211291878417213,-0.049141075681329416,-0.05770287418396314,-0.01565965107712486,-0.06485049284556788,36.95330412698412,5.0,31.21666666666667,61.681,73.4126984126984,43.0,16.400000000000006,10.0,10.0,38.0,18.0,1.06,4.476846326805695,-0.06999999999999984,-6.827087209366079,2022-05
2022-06-30,168.4600067138672,-0.08191857118465751,0.002315085920130855,-0.06711703950765602,-0.02036096282719646,-0.08070504825468394,27.36301492085775,5.0,26.30374603271487,61.681,8.333333333333332,43.0,11.200000000000003,10.0,10.0,12.0,18.0,1.17,6.489680644137863,-0.5099999999999998,-6.603087390218265,2022-06
2022-07-29,164.10000610351562,-0.05703839282277168,0.08933569688030762,-0.07251448088722967,-0.013650246251368459,-0.057972699430959396,38.64268252494086,22.61904761904762,24.337497520446778,61.681,52.38095238095239,49.0,25.1,35.0,23.0,12.0,18.0,0.13,2.8554802520871725,-0.3500000000000001,-5.738405677822788,2022-07
2022-08-31,159.27000427246094,0.034783657547064806,0.08300370983909722,-0.07524816684998537,-0.028881810636775418,0.01938343660988906,32.81904058836437,5.0,19.971671295165997,70.44733333333333,39.285714285714285,51.0,18.600000000000005,22.0,10.0,25.0,18.0,0.41000000000000003,6.809472864071209,-0.18000000000000016,-7.304156976362108,2022-08
2022-09-30,154.6699981689453,0.09678671622114754,0.19312080863000114,-0.0810955831826975,-0.017844407703562548,0.09462218746853979,25.0088857085673,5.0,14.784662501017232,70.44733333333333,5.0,33.0,17.600000000000005,10.0,10.0,38.0,30.0,1.16,5.276997884114598,-0.1499999999999999,-4.660049163343727,2022-09
2022-10-31,151.91000366210938,0.19590542946092304,0.24488181193771474,-0.0740018236136104,0.0849186596373046,0.17843390186305164,31.453587648044163,5.952380952380952,15.679501851399738,70.44733333333333,50.79365079365079,33.0,18.800000000000004,10.0,10.0,50.0,18.0,1.31,4.713169225783709,0.040000000000000036,-8.094857624479058,2022-10
2022-11-30,164.80999755859375,0.04659916296546207,0.0985377448803757,0.034783657547064806,0.02930648566594085,0.05824739471470508,41.36779070408654,17.46031746031746,29.311810514661982,79.63799999999999,11.904761904761903,86.0,42.300000000000004,10.0,90.0,25.0,63.0,0.78,-3.4096138298126633,-0.20999999999999996,4.092714995641522,2022-11
2022-12-30,169.63999938964844,0.08783302257777281,0.04833763839746008,0.09678671622114754,0.07091487162567711,0.09023469673472473,38.70443585782853,8.333333333333332,36.9411165661282,79.63799999999999,11.904761904761903,72.0,66.50000000000001,50.0,90.0,60.0,75.0,0.010000000000000009,-7.364656247815294,0.10999999999999988,6.151055616811796,2022-12
2023-01-31,179.41000366210938,0.04520372579460763,0.001059040396454547,0.171389392611343,-0.04877097052224166,0.043949234945905635,47.83480743371388,27.380952380952383,41.29055820041233,79.63799999999999,8.333333333333332,96.0,66.50000000000001,65.0,90.0,25.0,85.0,-0.22999999999999998,-8.455124548003,-0.2699999999999996,17.730825107081372,2023-01
2023-02-28,169.77999877929688,0.07221106487798457,0.05942982925218998,0.04019113778662109,0.07509718513176677,0.07058886426954802,42.76161345759195,17.063492063492063,32.31680109235973,88.92,46.82539682539682,38.0,63.800000000000004,50.0,77.0,72.0,63.0,0.06000000000000005,-1.6966606237494686,0.17000000000000037,3.0155944993180306,2023-02
2023-03-31,183.22000122070312,-0.025925117172541867,-0.07406400629739429,0.08510509089574914,0.023469070096654443,-0.024022371167153334,59.581051370578336,49.60317460317461,42.38544074164494,88.92,29.761904761904763,96.0,67.60000000000001,78.0,63.0,50.0,75.0,-0.42000000000000015,-0.9756516031567797,0.020000000000000018,6.1099224900873494,2023-03
2023-04-28,184.8000030517578,-0.013257559024801746,0.007305145143035929,0.03113492798263695,-0.014935117532719921,-0.00984873917209439,51.455040095059836,43.25396825396825,46.54978095160588,88.92,5.0,63.0,51.800000000000004,50.0,63.0,38.0,53.0,-0.020000000000000018,-0.5964026374969289,-0.06000000000000005,1.7229068719986085,2023-04
2023-05-31,182.32000732421875,-0.010969723122286945,0.039600623474497665,0.06769743024862906,-0.02221370606110007,-0.009980128999583449,40.978711542630876,24.206349206349206,35.36333382924398,88.242,5.0,46.0,48.800000000000004,50.0,63.0,12.0,75.0,0.010000000000000009,-0.6759964702699905,-0.33999999999999986,6.234711870097032,2023-05
2023-06-30,178.27000427246094,-0.03825661727025775,0.07236211133292247,-0.03208811292399105,0.012284750036013481,-0.037999063519708276,39.66768203210255,9.920634920634921,42.594882541232636,88.242,17.857142857142858,43.0,33.20000000000001,22.0,50.0,38.0,18.0,0.4500000000000002,0.39020731396270936,-0.06999999999999984,-5.165438703994818,2023-06
2023-07-31,182.3500061035156,0.020838978150687026,0.03421985207301148,-0.013257559024801746,-0.013600279151733341,0.00918547352749921,53.68507293127635,11.11111111111111,48.23433227539063,88.242,68.65079365079364,91.0,39.20000000000001,35.0,50.0,36.0,30.0,0.24,-0.2838971230498477,0.14000000000000012,-3.5746361826546114,2023-07
2023-08-31,180.02000427246094,0.04849458682561836,0.08882340770403552,-0.020352581335302045,-0.05760476685847371,0.05154268235001269,41.94524286235385,5.0,39.34805109235973,87.56400000000001,27.77777777777778,71.0,40.1,22.0,50.0,60.0,43.0,0.3400000000000001,-0.3845355791126326,0.06000000000000005,-1.27234403423514,2023-08
2023-09-29,171.4499969482422,0.11501896513101872,0.23003793026203723,-0.03825661727025775,0.07961510293519636,0.11595689063838077,41.25160667642018,5.0,29.023752975463847,87.56400000000001,73.01587301587301,36.0,17.200000000000003,10.0,10.0,36.0,30.0,0.6300000000000001,3.087678775741076,0.10000000000000009,-3.3049465292644187,2023-09
2023-10-31,184.08999633789065,0.034331074202525125,0.1577489767103908,0.02499994477609957,0.02531372564947021,0.03415275563960307,48.19031236144535,5.0,27.1858273824056,87.56400000000001,90.87301587301587,78.0,25.300000000000004,10.0,10.0,60.0,63.0,0.74,4.017946859563715,0.06000000000000005,2.397373227199129,2023-10
2023-11-30,188.75,0.03846354705608457,0.15083444355339415,0.04849458682561836,0.01043709256001657,0.039055972003067874,46.21863230158729,17.063492063492063,44.265277777777776,86.886,23.41269841269841,73.0,45.20000000000001,22.0,63.0,50.0,75.0,0.29000000000000004,-0.7098981954476002,-0.010000000000000231,6.140695077605485,2023-11
2023-12-29,191.1699981689453,0.10315426797920302,0.12758277775414273,0.11501896513101872,-0.014228180398366375,0.09629562987787055,54.75280768271795,37.301587301587304,58.59744127061634,86.886,5.0,86.0,76.50000000000001,90.0,90.0,25.0,85.0,-0.5200000000000002,-5.210476721532897,-0.18999999999999995,13.024712580580244,2023-12
2024-01-31,188.4499969482422,0.13446535817588923,0.19803665655918623,0.018098275171601674,0.023560639497519853,0.12277876000298438,56.09531034195552,44.44444444444444,47.13903323279487,86.886,41.269841269841265,62.0,74.30000000000001,90.0,90.0,25.0,63.0,-0.73,-3.1783301168657796,-0.16000000000000014,2.3517281913345567,2024-01
2024-02-29,189.30999755859372,0.14399667274406736,0.23052136681868252,0.0002642029652808464,0.09777618722907633,0.14528032373546496,55.531565774143765,33.730158730158735,40.553882937961156,86.208,69.84126984126983,67.0,53.400000000000006,65.0,37.0,60.0,43.0,-0.14000000000000012,1.3525416604523555,0.1200000000000001,-1.4061752124815197,2024-02
2024-03-28,205.72000122070312,0.045158434916429124,0.19103637380205662,0.06817594440251429,0.05084576800024565,0.04974296639570519,59.771557470516626,41.269841269841265,37.83680059644914,86.208,63.095238095238095,96.0,38.900000000000006,35.0,10.0,72.0,75.0,0.19999999999999996,3.279659769562593,0.1599999999999997,7.8649328355665515,2024-03
2024-04-30,211.8699951171875,0.06928780984985927,0.2087129005513244,0.12344238417390296,0.022183472484773592,0.05895963315616082,48.108725019952686,9.523809523809524,30.053609127468533,86.208,90.87301587301587,63.0,28.040000000000003,10.0,23.0,43.199999999999996,85.0,0.5499999999999998,2.8565940481559915,0.15000000000000036,12.33232301127478,2024-04
2024-05-31,215.3000030517578,0.07426841619937652,0.14068737973427314,0.11618022568832065,0.0012075917470999453,0.07357189447205226,51.39062913673764,22.61904761904762,39.23903075324162,86.328,69.44444444444444,63.0,38.400000000000006,22.0,37.0,50.0,85.0,0.28000000000000025,0.8090111943342082,0.010000000000000231,8.294354255652614,2024-05
2024-06-28,215.00999450683597,0.13957495247817797,0.12273847757718714,0.045158434916429124,0.03492865428349279,0.13601413597008438,46.30456790203639,34.12698412698413,32.21957887013751,86.328,30.952380952380953,47.0,38.00000000000001,35.0,37.0,38.0,53.0,0.10000000000000009,0.8093754815138521,-0.07000000000000028,1.0670249859257463,2024-06
2024-07-31,226.5500030517578,0.13039061085063897,0.14129328658416673,0.06928780984985927,0.028249807151943473,0.14090249426900892,66.11402366553534,78.57142857142857,44.748613590664334,86.328,17.063492063492063,92.0,69.40000000000002,78.0,77.0,38.0,75.0,-0.3999999999999999,-1.5695949589440428,-0.13999999999999968,6.381478169349486,2024-07
2024-08-30,231.2899932861328,0.06182715840225339,0.16572269853298827,0.07426841619937652,0.06191364840632452,0.06544227603514763,71.05959772457061,88.4920634920635,61.636671956380184,86.448,6.746031746031746,87.0,66.80000000000001,78.0,77.0,25.0,75.0,-0.32000000000000006,-2.3430021660330147,-0.18000000000000016,6.18399848911233,2024-08
2024-09-30,243.05999755859372,-0.009997501440752066,0.18555091975858162,0.1275223328866424,0.05360815810983377,-0.011380447968069585,75.02898937554254,94.04761904761905,64.39800211588542,86.448,18.650793650793652,88.0,74.30000000000001,78.0,90.0,38.0,85.0,-0.5,-4.672722648851857,-0.11999999999999966,10.016749928240243,2024-09
2024-10-31,253.50999450683597,0.03546213438508672,0.24444802107327224,0.12501108825219487,-0.03972226848499327,0.03491211766823632,63.99781152312385,48.01587301587302,42.16582787831624,86.448,76.5873015873016,91.0,48.00000000000001,35.0,37.0,72.0,85.0,0.18999999999999995,1.2562088663532922,0.29000000000000004,14.94445295806377,2024-10
2024-11-29,245.58999633789065,0.09784599999030741,0.26593101727457213,0.06182715840225339,-0.014088486936242206,0.09506966415365081,52.14806040159075,52.38095238095239,27.0141701380412,86.568,38.88888888888889,51.0,36.50000000000001,35.0,10.0,60.0,75.0,0.20999999999999996,3.839728923114305,0.09999999999999964,5.698295625813943,2024-11
2024-12-31,242.1300048828125,0.18291829864851983,0.26944198950456477,-0.014168786771268094,0.07355551645577152,0.19424157943721565,41.58074669756935,5.0,20.29016990661623,86.568,79.76190476190477,50.0,19.94,10.0,10.0,43.199999999999996,43.0,0.6100000000000003,6.697479876233925,0.1599999999999997,-1.1714265784438793,2024-12
2025-01-31,258.5599975585937,0.1524598306000573,0.202467537893801,0.009645051567903185,0.04060953008641843,0.1491199652777777,52.84101769269428,17.46031746031746,20.47216250101723,86.568,94.84126984126983,96.0,35.300000000000004,35.0,10.0,60.0,63.0,0.2100000000000002,4.221965039353615,0.08000000000000007,2.412166320135145,2025-01
2025-02-28,263.2699890136719,0.15318881290244346,0.20815140577113422,0.08573900384546929,0.09446585889998316,0.15936965797162417,65.24651986645411,75.39682539682539,22.30538796318902,86.688,78.96825396825396,68.0,56.60000000000001,65.0,37.0,60.0,75.0,-0.1299999999999999,1.442306516673697,0.1200000000000001,7.19898731194919,2025-02
2025-03-31,288.1400146484375,0.06736299076063257,0.23367107360779316,0.18541986245181685,0.05424437277239913,0.06849618899680077,71.50080141360692,77.38095238095238,41.097640376620824,86.688,78.17460317460318,80.0,78.70000000000002,78.0,90.0,60.0,85.0,-0.3900000000000001,-3.625264282360263,0.06999999999999984,19.002192556801532,2025-03
2025-04-30,303.7699890136719,-0.0026664831546518997,0.19498308960225286,0.19500390503750742,-0.0005595776946504261,-0.0027836463454992133,67.94896237048921,63.095238095238095,66.66866455078124,86.688,23.809523809523807,96.0,69.10000000000001,65.0,90.0,38.0,85.0,-0.20000000000000018,-7.727274207084401,-0.1499999999999999,16.86157811826037,2025-04
2025-05-30,303.6000061035156,0.04766139963702587,0.2776020984352705,0.15318881290244346,0.013010479611473835,0.04344922336570378,63.11439577795604,32.53968253968254,66.91133015950524,86.01599999999999,69.84126984126983,83.0,54.300000000000004,22.0,90.0,50.0,85.0,0.2699999999999998,-6.062035334039995,-0.020000000000000018,12.602926934836223,2025-05
2025-06-30,304.8299865722656,0.15625104806255963,0.30761415760197885,0.07311831722940032,-0.01269558536778026,0.14597503664999678,66.4193332953341,60.317460317460316,71.18400535583498,86.01599999999999,42.06349206349206,63.0,62.10000000000001,50.0,90.0,38.0,75.0,0.09999999999999987,-7.078462240169059,-0.08999999999999986,5.78497456215441,2025-06
2025-07-31,302.9599914550781,0.19817801108508548,0.4686758144862404,-0.0026664831546518997,0.049874624687468394,0.20967448385704235,64.50398112157427,53.57142857142857,62.86466878255209,86.01599999999999,82.53968253968253,36.0,51.300000000000004,50.0,50.0,60.0,43.0,-0.020000000000000018,0.02999877929688033,0.14000000000000012,-1.2773766180143586,2025-07
2025-08-29,318.07000732421875,0.21947997595206847,0.47181439264484837,0.04766139963702587,0.11758415768627128,0.2143535319636427,80.68371594147213,83.33333333333334,69.61533915201824,85.344,84.12698412698413,83.0,68.40000000000002,78.0,63.0,60.0,63.0,-0.30999999999999983,-0.9422495784508267,0.08000000000000007,2.306212148116571,2025-08
2025-09-30,355.4700012207031,0.1221481792517729,0.2316651357940791,0.15581211292387476,0.02118321870604678,0.1378098422461802,79.1515929255991,85.71428571428571,69.35145026312934,85.344,62.698412698412696,88.0,57.60000000000001,65.0,37.0,60.0,85.0,-0.19999999999999996,1.022936429279353,0.06000000000000005,15.648894448912309,2025-09
2025-10-31,368.1199951171875,0.2340813174255938,0.13623273541693814,0.1840082042430926,0.05193957234271074,0.23140481528795354,68.86144386273097,83.33333333333334,59.235550265842036,85.344,25.396825396825395,68.0,47.20000000000001,50.0,37.0,38.0,85.0,-0.040000000000000036,1.0326020298298433,-0.07000000000000028,17.56515101484204,2025-10
2025-11-28,387.8800048828125,0.20691968844816677,0.062055292928778094,0.21947997595206847,0.02838509236626252,0.21077214489786988,69.76768385705373,85.71428571428571,60.241557142469624,84.672,5.0,91.0,44.60000000000001,50.0,37.0,25.0,85.0,-0.020000000000000018,1.0772332745492719,-0.18000000000000016,18.73029538220443,2025-11
2025-12-31,396.30999755859375,0.08352049231011849,,0.11313653039744676,0.07776742326481956,0.07534212478872782,60.55523366125682,55.158730158730165,65.82855767144098,84.672,12.3015873015873,72.0,45.10000000000001,35.0,50.0,38.0,85.0,0.1299999999999999,0.43944845363437235,-0.10999999999999988,8.762827885149793,2025-12
2026-01-30,444.9500122070313,-0.048926888266092705,,0.22575760938576117,0.052118219586914094,-0.017819640157873406,72.5541592914327,57.53968253968254,70.96950416564944,84.672,67.85714285714286,96.0,57.6,35.0,77.0,60.0,85.0,0.11999999999999988,-2.551995324705758,0.06000000000000005,20.654594522443116,2026-01
2026-02-27,483.75,-0.13773644420219633,,0.2727584116245576,-0.1429871078609496,-0.12809482841028585,73.1953527725462,94.44444444444444,69.14266560872396,84.0,12.3015873015873,74.0,61.6,50.0,77.0,50.0,85.0,-0.050000000000000044,-1.9979898536711227,0.020000000000000018,24.118024374599113,2026-02
2026-03-31,430.2900085449219,-0.13872040079028392,,0.0795032663225208,-0.015408224107347213,-0.12464498594021922,48.47680020626008,27.380952380952383,52.22211269802517,84.0,42.857142857142854,35.0,41.400000000000006,35.0,23.0,60.0,85.0,0.10000000000000009,1.7508156128914765,0.05999999999999961,8.03706183181021,2026-03
2026-04-30,423.6600036621094,,,-0.14567451325570002,-0.029268738585892073,,60.329625777956046,33.730158730158735,65.48077460394967,84.0,95.0,36.0,44.900000000000006,50.0,37.0,60.0,18.0,0.0,1.1238313138393519,0.10999999999999988,-6.742390170745671,2026-04
2026-05-29,417.1199951171875,,,-0.13773644420219633,-0.11684884638695336,,50.021886476546996,9.523809523809524,57.58377143012152,84.0,72.61904761904762,50.0,33.7,22.0,37.0,60.0,18.0,0.2999999999999998,0.5387339128767987,0.08999999999999986,-11.589655381630804,2026-05
2026-06-30,368.3800048828125,,,-0.1114380413570687,,,33.60975236002605,5.0,43.07621799045141,84.0,5.555555555555555,25.0,34.50000000000001,35.0,37.0,38.0,18.0,0.18000000000000016,1.2304955664256712,-0.06999999999999984,-14.212523755575956,2026-06
2026-07-02,378.1300048828125,,,-0.13633457001247562,,,33.08464642333985,5.0,44.759332275390626,84.0,5.0,18.0,29.300000000000004,22.0,37.0,38.0,18.0,0.28,0.8297529153089123,-0.1299999999999999,-12.431391811047,2026-07
